# This file is brought to you by Roblox Corporation
# Generated by Roblox Studio

mtllib MetalCan.mtl

g Model1

v 839.166 77.8709 -53.6002 
v 839.139 77.9084 -54.1019 
v 839.178 77.8867 -54.0455 
v 839.191 77.9084 -54.0593 
v 839.217 77.9737 -54.0845 
v 839.218 77.8867 -53.9965 
v 839.264 77.9737 -54.0271 
v 839.234 77.9084 -54.0073 
v 839.248 77.8867 -53.9406 
v 839.299 77.9737 -53.9617 
v 839.266 77.9084 -53.948 
v 839.32 77.9737 -53.8907 
v 839.285 77.9084 -53.8837 
v 839.266 77.8867 -53.8799 
v 839.328 77.9737 -53.8168 
v 839.292 77.9084 -53.8168 
v 839.272 77.8867 -53.8168 
v 839.266 77.8867 -53.7537 
v 839.285 77.9084 -53.7499 
v 839.32 77.9737 -53.7429 
v 839.248 77.8867 -53.693 
v 839.266 77.9084 -53.6855 
v 839.299 77.9737 -53.6719 
v 839.234 77.9084 -53.6263 
v 839.218 77.8867 -53.6371 
v 839.264 77.9737 -53.6064 
v 839.191 77.9084 -53.5743 
v 839.217 77.9737 -53.5491 
v 839.178 77.8867 -53.5881 
v 838.789 79.5391 -53.7051 
v 838.789 79.5391 -53.9067 
v 839.173 79.5439 -54.036 
v 839.258 79.4647 -54.0159 
v 839.211 79.4647 -54.0733 
v 839.153 79.4647 -54.1204 
v 839.214 79.5439 -53.9866 
v 839.293 79.4647 -53.9504 
v 839.244 79.5439 -53.9303 
v 839.314 79.4647 -53.8794 
v 839.263 79.5439 -53.8691 
v 839.322 79.4647 -53.8055 
v 839.269 79.5439 -53.8055 
v 839.263 79.5439 -53.742 
v 839.314 79.4647 -53.7317 
v 839.244 79.5439 -53.6808 
v 839.293 79.4647 -53.6606 
v 839.214 79.5439 -53.6245 
v 839.258 79.4647 -53.5952 
v 839.173 79.5439 -53.5751 
v 839.211 79.4647 -53.5378 
v 839.153 79.4647 -53.4907 
v 839.124 79.5439 -53.5345 
v 838.812 79.294 -53.7031 
v 838.812 79.294 -53.9087 
v 839.153 79.4647 -54.1204 
v 839.211 79.4647 -54.0733 
v 839.217 77.9737 -54.0845 
v 839.264 77.9737 -54.0271 
v 839.258 79.4647 -54.0159 
v 839.299 77.9737 -53.9617 
v 839.293 79.4647 -53.9504 
v 839.32 77.9737 -53.8907 
v 839.314 79.4647 -53.8794 
v 839.328 77.9737 -53.8168 
v 839.322 79.4647 -53.8055 
v 839.32 77.9737 -53.7429 
v 839.314 79.4647 -53.7317 
v 839.299 77.9737 -53.6719 
v 839.293 79.4647 -53.6606 
v 839.264 77.9737 -53.6064 
v 839.258 79.4647 -53.5952 
v 839.217 77.9737 -53.5491 
v 839.211 79.4647 -53.5378 
v 839.153 79.4647 -53.4907 
v 839.263 79.5639 -53.8691 
v 839.269 79.5439 -53.8055 
v 839.263 79.5439 -53.8691 
v 839.269 79.5639 -53.8055 
v 839.244 79.5639 -53.9303 
v 839.263 79.5439 -53.742 
v 839.244 79.5439 -53.9303 
v 839.263 79.5639 -53.742 
v 839.214 79.5639 -53.9866 
v 839.244 79.5439 -53.6808 
v 839.214 79.5439 -53.9866 
v 839.244 79.5639 -53.6808 
v 839.173 79.5639 -54.036 
v 839.214 79.5439 -53.6245 
v 839.173 79.5439 -54.036 
v 839.214 79.5639 -53.6245 
v 839.173 79.5439 -53.5751 
v 839.173 79.5639 -53.5751 
v 839.248 77.8709 -53.9406 
v 839.218 77.8709 -53.9965 
v 839.218 77.8867 -53.9965 
v 839.178 77.8867 -54.0455 
v 839.248 77.8867 -53.9406 
v 839.178 77.8709 -54.0455 
v 839.266 77.8709 -53.8799 
v 839.266 77.8867 -53.8799 
v 839.272 77.8709 -53.8168 
v 839.272 77.8867 -53.8168 
v 839.266 77.8709 -53.7537 
v 839.266 77.8867 -53.7537 
v 839.248 77.8709 -53.693 
v 839.248 77.8867 -53.693 
v 839.218 77.8709 -53.6371 
v 839.218 77.8867 -53.6371 
v 839.178 77.8709 -53.5881 
v 839.178 77.8867 -53.5881 
v 838.73 79.5391 -53.8786 
v 838.715 79.294 -53.863 
v 838.73 79.294 -53.8786 
v 838.715 79.5391 -53.863 
v 838.715 79.294 -53.7488 
v 838.717 79.5391 -53.7472 
v 838.73 79.294 -53.7332 
v 838.73 79.5391 -53.7332 
v 838.715 79.5391 -53.7488 
v 838.726 79.5391 -54.0224 
v 838.715 79.5391 -53.863 
v 838.704 79.294 -53.8452 
v 838.715 79.294 -53.863 
v 838.704 79.5391 -53.8452 
v 838.779 77.8709 -53.5621 
v 838.732 77.9138 -53.6002 
v 838.732 77.8709 -53.6002 
v 838.694 77.9138 -53.6466 
v 838.694 77.8709 -53.6466 
v 838.666 77.9138 -53.6996 
v 838.666 77.8709 -53.6996 
v 838.648 77.9138 -53.757 
v 838.648 77.8709 -53.757 
v 838.643 77.9138 -53.8168 
v 838.643 77.8709 -53.8168 
v 838.648 77.9138 -53.8765 
v 838.648 77.8709 -53.8765 
v 838.666 77.9138 -53.934 
v 838.666 77.8709 -53.934 
v 838.694 77.9138 -53.987 
v 838.694 77.8709 -53.987 
v 838.732 77.9138 -54.0334 
v 838.732 77.8709 -54.0334 
v 838.704 79.5391 -53.7666 
v 838.715 79.294 -53.7488 
v 838.704 79.294 -53.7666 
v 838.715 79.5391 -53.7488 
v 838.726 79.5639 -53.5887 
v 838.726 79.5391 -53.5887 
v 838.688 79.5639 -53.6352 
v 838.688 79.5391 -53.6352 
v 838.66 79.5639 -53.6882 
v 838.66 79.5391 -53.6882 
v 838.642 79.5639 -53.7457 
v 838.642 79.5391 -53.7457 
v 838.636 79.5639 -53.8055 
v 838.636 79.5391 -53.8055 
v 838.642 79.5639 -53.8654 
v 838.642 79.5391 -53.8654 
v 838.66 79.5639 -53.9229 
v 838.66 79.5391 -53.9229 
v 838.688 79.5639 -53.9759 
v 838.688 79.5391 -53.9759 
v 838.726 79.5639 -54.0224 
v 838.704 79.5391 -53.8452 
v 838.698 79.294 -53.826 
v 838.704 79.294 -53.8452 
v 838.698 79.5391 -53.826 
v 838.698 79.5391 -53.7859 
v 838.704 79.294 -53.7666 
v 838.698 79.294 -53.7859 
v 838.704 79.5391 -53.7666 
v 838.698 79.5391 -53.826 
v 838.695 79.294 -53.8059 
v 838.698 79.294 -53.826 
v 838.695 79.5391 -53.8059 
v 838.695 79.5391 -53.8059 
v 838.698 79.294 -53.7859 
v 838.695 79.294 -53.8059 
v 838.698 79.5391 -53.7859 
v 839.226 79.5639 -53.6882 
v 839.214 79.5639 -53.6245 
v 839.244 79.5639 -53.6808 
v 839.198 79.5639 -53.6352 
v 839.244 79.5639 -53.7457 
v 839.173 79.5639 -53.5751 
v 839.263 79.5639 -53.742 
v 839.16 79.5639 -53.5887 
v 839.25 79.5639 -53.8055 
v 839.124 79.5639 -53.5345 
v 839.269 79.5639 -53.8055 
v 839.113 79.5639 -53.5506 
v 839.263 79.5639 -53.8691 
v 839.068 79.5639 -53.5044 
v 839.244 79.5639 -53.8654 
v 839.06 79.5639 -53.5223 
v 839.244 79.5639 -53.9303 
v 839.007 79.5639 -53.4859 
v 839.226 79.5639 -53.9229 
v 839.003 79.5639 -53.5048 
v 838.943 79.5639 -53.4796 
v 838.943 79.5639 -53.4989 
v 839.214 79.5639 -53.9866 
v 839.198 79.5639 -53.9759 
v 839.173 79.5639 -54.036 
v 839.16 79.5639 -54.0224 
v 839.124 79.5639 -54.0765 
v 839.113 79.5639 -54.0605 
v 839.068 79.5639 -54.1067 
v 839.06 79.5639 -54.0888 
v 839.007 79.5639 -54.1252 
v 839.003 79.5639 -54.1063 
v 838.943 79.5639 -54.1315 
v 838.943 79.5639 -54.1122 
v 838.883 79.5639 -54.1063 
v 838.879 79.5639 -54.1252 
v 838.826 79.5639 -54.0888 
v 838.818 79.5639 -54.1067 
v 838.773 79.5639 -54.0605 
v 838.762 79.5639 -54.0765 
v 838.726 79.5639 -54.0224 
v 838.712 79.5639 -54.036 
v 838.688 79.5639 -53.9759 
v 838.672 79.5639 -53.9866 
v 838.66 79.5639 -53.9229 
v 838.642 79.5639 -53.9303 
v 838.642 79.5639 -53.8654 
v 838.623 79.5639 -53.8691 
v 838.636 79.5639 -53.8055 
v 838.617 79.5639 -53.8055 
v 838.623 79.5639 -53.742 
v 838.642 79.5639 -53.7457 
v 838.642 79.5639 -53.6808 
v 838.66 79.5639 -53.6882 
v 838.672 79.5639 -53.6245 
v 838.688 79.5639 -53.6352 
v 838.712 79.5639 -53.5751 
v 838.726 79.5639 -53.5887 
v 838.762 79.5639 -53.5345 
v 838.773 79.5639 -53.5506 
v 838.818 79.5639 -53.5044 
v 838.826 79.5639 -53.5223 
v 838.879 79.5639 -53.4859 
v 838.883 79.5639 -53.5048 
v 838.943 79.5639 -53.4796 
v 838.943 79.5639 -53.4989 
v 838.66 79.5391 -53.6882 
v 838.73 79.5391 -53.7332 
v 838.717 79.5391 -53.7472 
v 838.747 79.5391 -53.7205 
v 838.715 79.5391 -53.7488 
v 838.688 79.5391 -53.6352 
v 838.642 79.5391 -53.7457 
v 838.768 79.5391 -53.711 
v 838.704 79.5391 -53.7666 
v 838.726 79.5391 -53.5887 
v 838.698 79.5391 -53.7859 
v 838.789 79.5391 -53.7051 
v 838.636 79.5391 -53.8055 
v 838.812 79.5391 -53.7031 
v 838.695 79.5391 -53.8059 
v 838.773 79.5391 -53.5506 
v 838.698 79.5391 -53.826 
v 838.835 79.5391 -53.7051 
v 838.642 79.5391 -53.8654 
v 838.826 79.5391 -53.5223 
v 838.704 79.5391 -53.8452 
v 838.857 79.5391 -53.711 
v 838.715 79.5391 -53.863 
v 838.883 79.5391 -53.5048 
v 838.66 79.5391 -53.9229 
v 838.877 79.5391 -53.7205 
v 838.73 79.5391 -53.8786 
v 838.943 79.5391 -53.4989 
v 838.747 79.5391 -53.8914 
v 838.895 79.5391 -53.7332 
v 838.688 79.5391 -53.9759 
v 839.003 79.5391 -53.5048 
v 838.768 79.5391 -53.9008 
v 839.06 79.5391 -53.5223 
v 838.726 79.5391 -54.0224 
v 838.91 79.5391 -53.7488 
v 838.789 79.5391 -53.9067 
v 839.113 79.5391 -53.5506 
v 838.812 79.5391 -53.9087 
v 838.92 79.5391 -53.7666 
v 838.773 79.5391 -54.0605 
v 839.16 79.5391 -53.5887 
v 838.835 79.5391 -53.9067 
v 839.198 79.5391 -53.6352 
v 838.826 79.5391 -54.0888 
v 838.927 79.5391 -53.7859 
v 838.857 79.5391 -53.9008 
v 839.226 79.5391 -53.6882 
v 838.883 79.5391 -54.1063 
v 839.244 79.5391 -53.7457 
v 838.877 79.5391 -53.8914 
v 838.929 79.5391 -53.8059 
v 838.943 79.5391 -54.1122 
v 839.25 79.5391 -53.8055 
v 838.895 79.5391 -53.8786 
v 839.244 79.5391 -53.8654 
v 839.003 79.5391 -54.1063 
v 838.927 79.5391 -53.826 
v 839.06 79.5391 -54.0888 
v 839.226 79.5391 -53.9229 
v 838.91 79.5391 -53.863 
v 839.198 79.5391 -53.9759 
v 839.113 79.5391 -54.0605 
v 838.92 79.5391 -53.8452 
v 839.16 79.5391 -54.0224 
v 839.173 79.5439 -54.036 
v 839.153 79.4647 -54.1204 
v 839.244 79.5439 -53.9303 
v 839.068 79.5439 -54.1067 
v 839.263 79.5439 -53.8691 
v 839.263 79.5439 -53.742 
v 838.879 79.5439 -54.1252 
v 838.818 79.5439 -54.1067 
v 838.798 79.4647 -54.1553 
v 839.173 79.5439 -53.5751 
v 838.712 79.5439 -54.036 
v 838.675 79.4647 -54.0733 
v 838.628 79.4647 -54.0159 
v 838.593 79.4647 -53.9504 
v 839.068 79.5439 -53.5044 
v 838.642 79.5439 -53.9303 
v 838.623 79.5439 -53.8691 
v 838.623 79.5439 -53.742 
v 838.593 79.4647 -53.6606 
v 838.672 79.5439 -53.6245 
v 838.675 79.4647 -53.5378 
v 838.762 79.5439 -53.5345 
v 838.798 79.4647 -53.4557 
v 838.818 79.5439 -53.5044 
v 838.879 79.5439 -53.4859 
v 838.715 79.294 -53.863 
v 838.73 79.294 -53.7332 
v 838.73 79.294 -53.8786 
v 838.747 79.294 -53.8914 
v 838.715 79.294 -53.7488 
v 838.747 79.294 -53.7205 
v 838.704 79.294 -53.7666 
v 838.768 79.294 -53.711 
v 838.704 79.294 -53.8452 
v 838.768 79.294 -53.9008 
v 838.698 79.294 -53.826 
v 838.698 79.294 -53.7859 
v 838.695 79.294 -53.8059 
v 838.789 79.294 -53.9067 
v 838.789 79.294 -53.7051 
v 838.812 79.294 -53.7031 
v 838.812 79.294 -53.9087 
v 838.835 79.294 -53.9067 
v 838.835 79.294 -53.7051 
v 838.857 79.294 -53.711 
v 838.857 79.294 -53.9008 
v 838.877 79.294 -53.8914 
v 838.877 79.294 -53.7205 
v 838.895 79.294 -53.7332 
v 838.895 79.294 -53.8786 
v 838.91 79.294 -53.863 
v 838.91 79.294 -53.7488 
v 838.92 79.294 -53.7666 
v 838.92 79.294 -53.8452 
v 838.927 79.294 -53.826 
v 838.927 79.294 -53.7859 
v 838.929 79.294 -53.8059 
v 839.166 77.8709 -53.6002 
v 839.264 77.9737 -53.6064 
v 839.191 77.9084 -53.5743 
v 839.217 77.9737 -53.5491 
v 839.178 77.8867 -53.5881 
v 839.159 77.9737 -53.502 
v 839.139 77.9084 -53.5316 
v 839.129 77.8867 -53.5479 
v 839.094 77.9737 -53.467 
v 839.08 77.9084 -53.4999 
v 839.073 77.8867 -53.518 
v 839.023 77.9737 -53.4454 
v 839.016 77.9084 -53.4804 
v 838.949 77.9737 -53.4382 
v 839.012 77.8867 -53.4996 
v 838.949 77.9084 -53.4738 
v 838.949 77.8867 -53.4934 
v 838.65 77.8867 -53.693 
v 838.664 77.9084 -53.6263 
v 838.706 77.9084 -53.5743 
v 838.681 77.9737 -53.5491 
v 838.72 77.8867 -53.5881 
v 838.739 77.9737 -53.502 
v 838.758 77.9084 -53.5316 
v 838.769 77.8867 -53.5479 
v 838.804 77.9737 -53.467 
v 838.818 77.9084 -53.4999 
v 838.825 77.8867 -53.518 
v 838.875 77.9737 -53.4454 
v 838.882 77.9084 -53.4804 
v 838.949 77.9737 -53.4382 
v 838.886 77.8867 -53.4996 
v 838.949 77.9084 -53.4738 
v 838.949 77.8867 -53.4934 
v 838.929 79.5391 -53.8059 
v 838.812 79.5391 -53.7031 
v 838.835 79.5391 -53.7051 
v 838.857 79.5391 -53.711 
v 838.877 79.5391 -53.7205 
v 838.895 79.5391 -53.7332 
v 838.91 79.5391 -53.7488 
v 838.92 79.5391 -53.7666 
v 838.927 79.5391 -53.7859 
v 838.929 79.5391 -53.8059 
v 838.927 79.5391 -53.826 
v 838.92 79.5391 -53.8452 
v 838.91 79.5391 -53.863 
v 838.895 79.5391 -53.8786 
v 838.877 79.5391 -53.8914 
v 838.857 79.5391 -53.9008 
v 838.835 79.5391 -53.9067 
v 838.812 79.5391 -53.9087 
v 838.789 79.5391 -53.9067 
v 838.768 79.5391 -53.9008 
v 838.747 79.5391 -53.8914 
v 838.73 79.5391 -53.8786 
v 838.715 79.5391 -53.863 
v 838.704 79.5391 -53.8452 
v 838.698 79.5391 -53.826 
v 838.695 79.5391 -53.8059 
v 838.698 79.5391 -53.7859 
v 838.704 79.5391 -53.7666 
v 838.715 79.5391 -53.7488 
v 838.717 79.5391 -53.7472 
v 839.214 79.5439 -53.6245 
v 839.258 79.4647 -53.5952 
v 839.173 79.5439 -53.5751 
v 839.211 79.4647 -53.5378 
v 839.153 79.4647 -53.4907 
v 839.124 79.5439 -53.5345 
v 839.088 79.4647 -53.4557 
v 839.068 79.5439 -53.5044 
v 839.017 79.4647 -53.4342 
v 839.007 79.5439 -53.4859 
v 838.943 79.4647 -53.4269 
v 838.943 79.5439 -53.4796 
v 838.623 79.5439 -53.8691 
v 838.672 79.5439 -53.6245 
v 838.712 79.5439 -53.5751 
v 838.675 79.4647 -53.5378 
v 838.733 79.4647 -53.4907 
v 838.762 79.5439 -53.5345 
v 838.798 79.4647 -53.4557 
v 838.818 79.5439 -53.5044 
v 838.869 79.4647 -53.4342 
v 838.879 79.5439 -53.4859 
v 838.943 79.4647 -53.4269 
v 838.943 79.5439 -53.4796 
v 838.695 79.294 -53.8059 
v 838.929 79.294 -53.8059 
v 838.875 77.9737 -53.4454 
v 838.943 79.4647 -53.4269 
v 838.869 79.4647 -53.4342 
v 838.949 77.9737 -53.4382 
v 838.804 77.9737 -53.467 
v 838.798 79.4647 -53.4557 
v 838.739 77.9737 -53.502 
v 838.733 79.4647 -53.4907 
v 838.681 77.9737 -53.5491 
v 838.675 79.4647 -53.5378 
v 839.264 77.9737 -53.6064 
v 839.258 79.4647 -53.5952 
v 839.217 77.9737 -53.5491 
v 839.211 79.4647 -53.5378 
v 839.159 77.9737 -53.502 
v 839.153 79.4647 -53.4907 
v 839.094 77.9737 -53.467 
v 839.088 79.4647 -53.4557 
v 839.023 77.9737 -53.4454 
v 839.017 79.4647 -53.4342 
v 838.949 77.9737 -53.4382 
v 838.943 79.4647 -53.4269 
v 839.214 79.5439 -53.6245 
v 839.214 79.5639 -53.6245 
v 839.173 79.5439 -53.5751 
v 839.173 79.5639 -53.5751 
v 839.124 79.5439 -53.5345 
v 839.124 79.5639 -53.5345 
v 839.068 79.5439 -53.5044 
v 839.068 79.5639 -53.5044 
v 839.007 79.5439 -53.4859 
v 839.007 79.5639 -53.4859 
v 838.943 79.5439 -53.4796 
v 838.943 79.5639 -53.4796 
v 838.672 79.5639 -53.6245 
v 838.672 79.5439 -53.6245 
v 838.712 79.5639 -53.5751 
v 838.712 79.5439 -53.5751 
v 838.762 79.5639 -53.5345 
v 838.762 79.5439 -53.5345 
v 838.818 79.5639 -53.5044 
v 838.818 79.5439 -53.5044 
v 838.879 79.5639 -53.4859 
v 838.879 79.5439 -53.4859 
v 838.943 79.5639 -53.4796 
v 838.943 79.5439 -53.4796 
v 838.73 79.5391 -53.7332 
v 838.747 79.5391 -53.7205 
v 838.768 79.5391 -53.711 
v 838.789 79.5391 -53.7051 
v 838.698 79.294 -53.7859 
v 838.704 79.294 -53.7666 
v 838.715 79.294 -53.7488 
v 838.73 79.294 -53.7332 
v 838.747 79.294 -53.7205 
v 838.768 79.294 -53.711 
v 838.789 79.294 -53.7051 
v 838.812 79.294 -53.7031 
v 838.91 79.294 -53.7488 
v 838.92 79.294 -53.7666 
v 838.895 79.294 -53.7332 
v 838.877 79.294 -53.7205 
v 838.857 79.294 -53.711 
v 838.835 79.294 -53.7051 
v 838.812 79.294 -53.7031 
v 839.178 77.8709 -53.5881 
v 839.178 77.8867 -53.5881 
v 839.129 77.8709 -53.5479 
v 839.129 77.8867 -53.5479 
v 839.073 77.8709 -53.518 
v 839.073 77.8867 -53.518 
v 839.012 77.8709 -53.4996 
v 839.012 77.8867 -53.4996 
v 838.949 77.8709 -53.4934 
v 838.949 77.8867 -53.4934 
v 838.72 77.8867 -53.5881 
v 838.72 77.8709 -53.5881 
v 838.769 77.8867 -53.5479 
v 838.769 77.8709 -53.5479 
v 838.825 77.8867 -53.518 
v 838.825 77.8709 -53.518 
v 838.886 77.8867 -53.4996 
v 838.886 77.8709 -53.4996 
v 838.949 77.8867 -53.4934 
v 838.949 77.8709 -53.4934 
v 838.895 79.294 -53.8786 
v 838.895 79.5391 -53.8786 
v 838.877 79.294 -53.8914 
v 838.877 79.5391 -53.8914 
v 838.877 79.5391 -53.8914 
v 838.857 79.294 -53.9008 
v 838.877 79.294 -53.8914 
v 838.857 79.5391 -53.9008 
v 838.857 79.294 -53.9008 
v 838.857 79.5391 -53.9008 
v 838.835 79.294 -53.9067 
v 838.835 79.5391 -53.9067 
v 838.835 79.294 -53.9067 
v 838.835 79.5391 -53.9067 
v 838.812 79.294 -53.9087 
v 838.812 79.5391 -53.9087 
v 838.927 79.294 -53.7859 
v 838.929 79.294 -53.8059 
v 838.927 79.294 -53.826 
v 838.92 79.294 -53.8452 
v 838.91 79.294 -53.863 
v 838.895 79.294 -53.8786 
v 838.877 79.294 -53.8914 
v 838.857 79.294 -53.9008 
v 838.835 79.294 -53.9067 
v 838.812 79.294 -53.9087 
v 838.789 79.294 -53.9067 
v 838.768 79.294 -53.9008 
v 838.747 79.294 -53.8914 
v 838.73 79.294 -53.8786 
v 838.715 79.294 -53.863 
v 838.704 79.294 -53.8452 
v 838.698 79.294 -53.826 
v 838.695 79.294 -53.8059 
v 838.812 79.294 -53.9087 
v 838.812 79.5391 -53.9087 
v 838.789 79.294 -53.9067 
v 838.789 79.5391 -53.9067 
v 838.789 79.294 -53.9067 
v 838.789 79.5391 -53.9067 
v 838.768 79.294 -53.9008 
v 838.768 79.5391 -53.9008 
v 838.768 79.5391 -53.9008 
v 838.747 79.294 -53.8914 
v 838.768 79.294 -53.9008 
v 838.747 79.5391 -53.8914 
v 838.747 79.5391 -53.8914 
v 838.73 79.294 -53.8786 
v 838.747 79.294 -53.8914 
v 838.73 79.5391 -53.8786 
v 838.726 79.5391 -54.0224 
v 838.773 79.5391 -54.0605 
v 838.773 79.5639 -54.0605 
v 838.826 79.5639 -54.0888 
v 838.826 79.5391 -54.0888 
v 838.883 79.5639 -54.1063 
v 838.883 79.5391 -54.1063 
v 838.943 79.5639 -54.1122 
v 838.943 79.5391 -54.1122 
v 839.003 79.5639 -54.1063 
v 839.003 79.5391 -54.1063 
v 839.06 79.5639 -54.0888 
v 839.06 79.5391 -54.0888 
v 839.113 79.5639 -54.0605 
v 839.113 79.5391 -54.0605 
v 839.16 79.5639 -54.0224 
v 839.16 79.5391 -54.0224 
v 839.226 79.5639 -53.9229 
v 839.226 79.5391 -53.9229 
v 838.694 77.9138 -53.987 
v 838.694 77.8709 -53.987 
v 838.732 77.9138 -54.0334 
v 838.732 77.8709 -54.0334 
v 838.779 77.9138 -54.0715 
v 838.779 77.8709 -54.0715 
v 838.832 77.9138 -54.0998 
v 838.832 77.8709 -54.0998 
v 838.889 77.9138 -54.1172 
v 838.889 77.8709 -54.1172 
v 838.949 77.9138 -54.1231 
v 838.949 77.8709 -54.1231 
v 839.009 77.9138 -54.1172 
v 839.009 77.8709 -54.1172 
v 839.066 77.9138 -54.0998 
v 839.066 77.8709 -54.0998 
v 839.119 77.9138 -54.0715 
v 839.119 77.8709 -54.0715 
v 839.166 77.9138 -54.0334 
v 839.166 77.8709 -54.0334 
v 839.204 77.9138 -53.987 
v 839.204 77.8709 -53.987 
v 839.249 77.9138 -53.8765 
v 839.249 77.8709 -53.8765 
v 838.642 79.5391 -53.8654 
v 838.688 79.5639 -53.9759 
v 838.688 79.5391 -53.9759 
v 838.726 79.5639 -54.0224 
v 839.166 77.8709 -53.6002 
v 839.285 77.9084 -53.7499 
v 839.08 77.9084 -53.4999 
v 838.72 77.8867 -54.0455 
v 838.706 77.9084 -54.0593 
v 838.681 77.9737 -54.0845 
v 838.68 77.8867 -53.9965 
v 838.634 77.9737 -54.0271 
v 838.664 77.9084 -54.0073 
v 838.65 77.8867 -53.9406 
v 838.599 77.9737 -53.9617 
v 838.632 77.9084 -53.948 
v 838.578 77.9737 -53.8907 
v 838.613 77.9084 -53.8837 
v 838.632 77.8867 -53.8799 
v 838.57 77.9737 -53.8168 
v 838.606 77.9084 -53.8168 
v 838.625 77.8867 -53.8168 
v 838.632 77.8867 -53.7537 
v 838.613 77.9084 -53.7499 
v 838.578 77.9737 -53.7429 
v 838.65 77.8867 -53.693 
v 838.632 77.9084 -53.6855 
v 838.599 77.9737 -53.6719 
v 838.664 77.9084 -53.6263 
v 838.68 77.8867 -53.6371 
v 838.634 77.9737 -53.6064 
v 838.706 77.9084 -53.5743 
v 838.681 77.9737 -53.5491 
v 838.72 77.8867 -53.5881 
v 838.739 77.9737 -53.502 
v 838.789 79.5391 -53.7051 
v 838.789 79.5391 -53.9067 
v 838.818 79.5439 -54.1067 
v 838.798 79.4647 -54.1553 
v 838.712 79.5439 -54.036 
v 838.675 79.4647 -54.0733 
v 838.628 79.4647 -54.0159 
v 838.672 79.5439 -53.9866 
v 838.593 79.4647 -53.9504 
v 838.642 79.5439 -53.9303 
v 838.572 79.4647 -53.8794 
v 838.623 79.5439 -53.8691 
v 838.564 79.4647 -53.8055 
v 838.617 79.5439 -53.8055 
v 838.623 79.5439 -53.742 
v 838.572 79.4647 -53.7317 
v 838.642 79.5439 -53.6808 
v 838.593 79.4647 -53.6606 
v 838.672 79.5439 -53.6245 
v 838.628 79.4647 -53.5952 
v 838.712 79.5439 -53.5751 
v 838.675 79.4647 -53.5378 
v 838.798 79.4647 -53.4557 
v 838.818 79.5439 -53.5044 
v 838.812 79.294 -53.7031 
v 838.812 79.294 -53.9087 
v 838.739 77.9737 -53.502 
v 838.681 77.9737 -53.5491 
v 838.675 79.4647 -53.5378 
v 838.628 79.4647 -53.5952 
v 838.634 77.9737 -53.6064 
v 838.593 79.4647 -53.6606 
v 838.599 77.9737 -53.6719 
v 838.572 79.4647 -53.7317 
v 838.578 77.9737 -53.7429 
v 838.564 79.4647 -53.8055 
v 838.57 77.9737 -53.8168 
v 838.572 79.4647 -53.8794 
v 838.578 77.9737 -53.8907 
v 838.593 79.4647 -53.9504 
v 838.599 77.9737 -53.9617 
v 838.628 79.4647 -54.0159 
v 838.634 77.9737 -54.0271 
v 838.675 79.4647 -54.0733 
v 838.681 77.9737 -54.0845 
v 838.712 79.5639 -54.036 
v 838.712 79.5439 -54.036 
v 838.672 79.5639 -53.9866 
v 838.672 79.5439 -53.9866 
v 838.642 79.5639 -53.9303 
v 838.642 79.5439 -53.9303 
v 838.623 79.5639 -53.8691 
v 838.623 79.5439 -53.8691 
v 838.617 79.5639 -53.8055 
v 838.617 79.5439 -53.8055 
v 838.623 79.5639 -53.742 
v 838.623 79.5439 -53.742 
v 838.642 79.5639 -53.6808 
v 838.642 79.5439 -53.6808 
v 838.672 79.5639 -53.6245 
v 838.672 79.5439 -53.6245 
v 838.712 79.5639 -53.5751 
v 838.712 79.5439 -53.5751 
v 838.72 77.8867 -54.0455 
v 838.72 77.8709 -54.0455 
v 838.68 77.8867 -53.9965 
v 838.68 77.8709 -53.9965 
v 838.65 77.8867 -53.9406 
v 838.65 77.8709 -53.9406 
v 838.632 77.8867 -53.8799 
v 838.632 77.8709 -53.8799 
v 838.625 77.8867 -53.8168 
v 838.625 77.8709 -53.8168 
v 838.632 77.8867 -53.7537 
v 838.632 77.8709 -53.7537 
v 838.65 77.8867 -53.693 
v 838.65 77.8709 -53.693 
v 838.68 77.8867 -53.6371 
v 838.68 77.8709 -53.6371 
v 838.72 77.8867 -53.5881 
v 838.72 77.8709 -53.5881 
v 838.927 79.5391 -53.826 
v 838.927 79.294 -53.826 
v 838.929 79.294 -53.8059 
v 838.929 79.5391 -53.8059 
v 838.929 79.5391 -53.8059 
v 838.929 79.294 -53.8059 
v 838.927 79.294 -53.7859 
v 838.927 79.5391 -53.7859 
v 838.92 79.5391 -53.8452 
v 838.92 79.294 -53.8452 
v 838.927 79.294 -53.826 
v 838.927 79.5391 -53.826 
v 838.927 79.5391 -53.7859 
v 838.927 79.294 -53.7859 
v 838.92 79.294 -53.7666 
v 838.92 79.5391 -53.7666 
v 838.91 79.5391 -53.863 
v 838.91 79.294 -53.863 
v 838.92 79.294 -53.8452 
v 838.92 79.5391 -53.8452 
v 838.92 79.5391 -53.7666 
v 838.92 79.294 -53.7666 
v 838.91 79.294 -53.7488 
v 838.91 79.5391 -53.7488 
v 838.895 79.5391 -53.8786 
v 838.895 79.294 -53.8786 
v 838.91 79.294 -53.863 
v 838.91 79.5391 -53.863 
v 838.91 79.5391 -53.7488 
v 838.91 79.294 -53.7488 
v 838.895 79.294 -53.7332 
v 838.895 79.5391 -53.7332 
v 839.113 79.5391 -54.0605 
v 839.16 79.5639 -54.0224 
v 839.16 79.5391 -54.0224 
v 839.198 79.5639 -53.9759 
v 839.198 79.5391 -53.9759 
v 839.226 79.5639 -53.9229 
v 839.226 79.5391 -53.9229 
v 839.244 79.5639 -53.8654 
v 839.244 79.5391 -53.8654 
v 839.25 79.5639 -53.8055 
v 839.25 79.5391 -53.8055 
v 839.244 79.5639 -53.7457 
v 839.244 79.5391 -53.7457 
v 839.226 79.5639 -53.6882 
v 839.226 79.5391 -53.6882 
v 839.198 79.5639 -53.6352 
v 839.198 79.5391 -53.6352 
v 839.16 79.5639 -53.5887 
v 839.16 79.5391 -53.5887 
v 839.06 79.5639 -53.5223 
v 838.943 79.5639 -53.4989 
v 838.943 79.5391 -53.4989 
v 839.166 77.9138 -54.0334 
v 839.166 77.8709 -54.0334 
v 839.204 77.9138 -53.987 
v 839.204 77.8709 -53.987 
v 839.232 77.9138 -53.934 
v 839.232 77.8709 -53.934 
v 839.249 77.9138 -53.8765 
v 839.249 77.8709 -53.8765 
v 839.255 77.9138 -53.8168 
v 839.255 77.8709 -53.8168 
v 839.249 77.9138 -53.757 
v 839.249 77.8709 -53.757 
v 839.232 77.9138 -53.6996 
v 839.232 77.8709 -53.6996 
v 839.204 77.9138 -53.6466 
v 839.204 77.8709 -53.6466 
v 839.166 77.9138 -53.6002 
v 839.166 77.8709 -53.6002 
v 839.255 77.8709 -53.8168 
v 839.266 77.8709 -53.7537 
v 839.249 77.8709 -53.757 
v 839.248 77.8709 -53.693 
v 839.272 77.8709 -53.8168 
v 839.232 77.8709 -53.6996 
v 839.266 77.8709 -53.8799 
v 839.218 77.8709 -53.6371 
v 839.249 77.8709 -53.8765 
v 839.204 77.8709 -53.6466 
v 839.248 77.8709 -53.9406 
v 839.178 77.8709 -53.5881 
v 839.232 77.8709 -53.934 
v 839.166 77.8709 -53.6002 
v 839.218 77.8709 -53.9965 
v 839.129 77.8709 -53.5479 
v 839.204 77.8709 -53.987 
v 839.119 77.8709 -53.5621 
v 839.178 77.8709 -54.0455 
v 839.073 77.8709 -53.518 
v 839.166 77.8709 -54.0334 
v 839.066 77.8709 -53.5338 
v 839.129 77.8709 -54.0857 
v 839.012 77.8709 -53.4996 
v 839.119 77.8709 -54.0715 
v 839.009 77.8709 -53.5163 
v 838.949 77.8709 -53.4934 
v 838.949 77.8709 -53.5105 
v 839.073 77.8709 -54.1156 
v 839.066 77.8709 -54.0998 
v 839.012 77.8709 -54.134 
v 839.009 77.8709 -54.1172 
v 838.949 77.8709 -54.1402 
v 838.949 77.8709 -54.1231 
v 838.889 77.8709 -54.1172 
v 838.886 77.8709 -54.134 
v 838.832 77.8709 -54.0998 
v 838.825 77.8709 -54.1156 
v 838.779 77.8709 -54.0715 
v 838.769 77.8709 -54.0857 
v 838.732 77.8709 -54.0334 
v 838.72 77.8709 -54.0455 
v 838.694 77.8709 -53.987 
v 838.68 77.8709 -53.9965 
v 838.666 77.8709 -53.934 
v 838.65 77.8709 -53.9406 
v 838.648 77.8709 -53.8765 
v 838.632 77.8709 -53.8799 
v 838.643 77.8709 -53.8168 
v 838.625 77.8709 -53.8168 
v 838.632 77.8709 -53.7537 
v 838.648 77.8709 -53.757 
v 838.65 77.8709 -53.693 
v 838.666 77.8709 -53.6996 
v 838.68 77.8709 -53.6371 
v 838.694 77.8709 -53.6466 
v 838.72 77.8709 -53.5881 
v 838.732 77.8709 -53.6002 
v 838.769 77.8709 -53.5479 
v 838.779 77.8709 -53.5621 
v 838.825 77.8709 -53.518 
v 838.832 77.8709 -53.5338 
v 838.886 77.8709 -53.4996 
v 838.889 77.8709 -53.5163 
v 838.949 77.8709 -53.4934 
v 838.949 77.8709 -53.5105 
v 838.949 77.9138 -53.5105 
v 839.009 77.9138 -54.1172 
v 839.009 77.9138 -53.5163 
v 838.949 77.9138 -54.1231 
v 839.066 77.9138 -54.0998 
v 838.889 77.9138 -54.1172 
v 839.066 77.9138 -53.5338 
v 838.889 77.9138 -53.5163 
v 838.832 77.9138 -54.0998 
v 838.832 77.9138 -53.5338 
v 838.779 77.9138 -53.5621 
v 838.779 77.9138 -54.0715 
v 839.119 77.9138 -53.5621 
v 839.119 77.9138 -54.0715 
v 839.166 77.9138 -54.0334 
v 838.732 77.9138 -54.0334 
v 838.732 77.9138 -53.6002 
v 838.694 77.9138 -53.6466 
v 839.204 77.9138 -53.6466 
v 839.166 77.9138 -53.6002 
v 839.204 77.9138 -53.987 
v 839.232 77.9138 -53.934 
v 839.232 77.9138 -53.6996 
v 839.255 77.9138 -53.8168 
v 839.249 77.9138 -53.757 
v 839.249 77.9138 -53.8765 
v 838.666 77.9138 -53.934 
v 838.694 77.9138 -53.987 
v 838.666 77.9138 -53.6996 
v 838.643 77.9138 -53.8168 
v 838.648 77.9138 -53.757 
v 838.648 77.9138 -53.8765 
v 838.882 77.9084 -54.1532 
v 839.023 77.9737 -54.1881 
v 839.073 77.8867 -54.1156 
v 839.08 77.9084 -54.1336 
v 839.129 77.8867 -54.0857 
v 839.139 77.9084 -54.1019 
v 839.178 77.8867 -54.0455 
v 839.191 77.9084 -54.0593 
v 839.218 77.8867 -53.9965 
v 839.234 77.9084 -54.0073 
v 839.248 77.8867 -53.9406 
v 839.299 77.9737 -53.9617 
v 839.266 77.9084 -53.948 
v 839.285 77.9084 -53.8837 
v 839.285 77.9084 -53.7499 
v 839.248 77.8867 -53.693 
v 839.266 77.9084 -53.6855 
v 839.234 77.9084 -53.6263 
v 839.218 77.8867 -53.6371 
v 839.191 77.9084 -53.5743 
v 839.178 77.8867 -53.5881 
v 839.139 77.9084 -53.5316 
v 839.129 77.8867 -53.5479 
v 839.08 77.9084 -53.4999 
v 839.073 77.8867 -53.518 
v 838.818 77.9084 -54.1336 
v 838.825 77.8867 -54.1156 
v 838.769 77.8867 -54.0857 
v 838.758 77.9084 -54.1019 
v 838.72 77.8867 -54.0455 
v 838.706 77.9084 -54.0593 
v 838.68 77.8867 -53.9965 
v 838.664 77.9084 -54.0073 
v 838.65 77.8867 -53.9406 
v 838.632 77.9084 -53.948 
v 838.613 77.9084 -53.8837 
v 838.613 77.9084 -53.7499 
v 838.65 77.8867 -53.693 
v 838.632 77.9084 -53.6855 
v 838.664 77.9084 -53.6263 
v 838.68 77.8867 -53.6371 
v 838.706 77.9084 -53.5743 
v 838.72 77.8867 -53.5881 
v 838.739 77.9737 -53.502 
v 838.758 77.9084 -53.5316 
v 838.769 77.8867 -53.5479 
v 838.818 77.9084 -53.4999 
v 838.825 77.8867 -53.518 
v 838.882 77.9084 -54.1532 
v 838.949 77.9737 -54.1954 
v 838.949 77.9084 -54.1597 
v 838.886 77.8867 -54.134 
v 838.949 77.8867 -54.1402 
v 839.012 77.8867 -54.134 
v 839.016 77.9084 -54.1532 
v 839.023 77.9737 -54.1881 
v 839.073 77.8867 -54.1156 
v 839.08 77.9084 -54.1336 
v 839.094 77.9737 -54.1666 
v 839.129 77.8867 -54.0857 
v 839.139 77.9084 -54.1019 
v 839.159 77.9737 -54.1316 
v 839.178 77.8867 -54.0455 
v 839.191 77.9084 -54.0593 
v 839.217 77.9737 -54.0845 
v 839.299 77.9737 -53.9617 
v 838.875 77.9737 -54.1881 
v 838.818 77.9084 -54.1336 
v 838.804 77.9737 -54.1666 
v 838.825 77.8867 -54.1156 
v 838.769 77.8867 -54.0857 
v 838.758 77.9084 -54.1019 
v 838.72 77.8867 -54.0455 
v 838.739 77.9737 -54.1316 
v 838.706 77.9084 -54.0593 
v 838.681 77.9737 -54.0845 
v 838.634 77.9737 -54.0271 
v 838.789 79.5391 -53.9067 
v 838.929 79.5391 -53.8059 
v 839.173 79.5439 -54.036 
v 839.211 79.4647 -54.0733 
v 839.153 79.4647 -54.1204 
v 839.124 79.5439 -54.0765 
v 839.088 79.4647 -54.1553 
v 839.068 79.5439 -54.1067 
v 839.017 79.4647 -54.1769 
v 839.007 79.5439 -54.1252 
v 838.943 79.4647 -54.1842 
v 838.943 79.5439 -54.1315 
v 838.879 79.5439 -54.1252 
v 838.869 79.4647 -54.1769 
v 838.818 79.5439 -54.1067 
v 838.798 79.4647 -54.1553 
v 838.762 79.5439 -54.0765 
v 838.733 79.4647 -54.1204 
v 838.712 79.5439 -54.036 
v 838.675 79.4647 -54.0733 
v 838.628 79.4647 -54.0159 
v 838.593 79.4647 -53.9504 
v 838.642 79.5439 -53.9303 
v 838.623 79.5439 -53.8691 
v 838.695 79.294 -53.8059 
v 838.929 79.294 -53.8059 
v 838.628 79.4647 -54.0159 
v 838.634 77.9737 -54.0271 
v 838.675 79.4647 -54.0733 
v 838.681 77.9737 -54.0845 
v 838.733 79.4647 -54.1204 
v 838.739 77.9737 -54.1316 
v 838.798 79.4647 -54.1553 
v 838.804 77.9737 -54.1666 
v 838.869 79.4647 -54.1769 
v 838.875 77.9737 -54.1881 
v 838.943 79.4647 -54.1842 
v 838.949 77.9737 -54.1954 
v 839.017 79.4647 -54.1769 
v 839.023 77.9737 -54.1881 
v 839.088 79.4647 -54.1553 
v 839.094 77.9737 -54.1666 
v 839.153 79.4647 -54.1204 
v 839.159 77.9737 -54.1316 
v 839.211 79.4647 -54.0733 
v 839.217 77.9737 -54.0845 
v 839.299 77.9737 -53.9617 
v 839.173 79.5639 -54.036 
v 839.173 79.5439 -54.036 
v 839.124 79.5639 -54.0765 
v 839.124 79.5439 -54.0765 
v 839.068 79.5639 -54.1067 
v 839.068 79.5439 -54.1067 
v 839.007 79.5639 -54.1252 
v 839.007 79.5439 -54.1252 
v 838.943 79.5639 -54.1315 
v 838.943 79.5439 -54.1315 
v 838.879 79.5639 -54.1252 
v 838.879 79.5439 -54.1252 
v 838.818 79.5639 -54.1067 
v 838.818 79.5439 -54.1067 
v 838.762 79.5639 -54.0765 
v 838.762 79.5439 -54.0765 
v 838.712 79.5639 -54.036 
v 838.712 79.5439 -54.036 
v 839.218 77.8709 -53.9965 
v 839.178 77.8867 -54.0455 
v 839.178 77.8709 -54.0455 
v 839.129 77.8867 -54.0857 
v 839.129 77.8709 -54.0857 
v 839.073 77.8867 -54.1156 
v 839.073 77.8709 -54.1156 
v 839.012 77.8867 -54.134 
v 839.012 77.8709 -54.134 
v 838.949 77.8867 -54.1402 
v 838.949 77.8709 -54.1402 
v 838.886 77.8867 -54.134 
v 838.886 77.8709 -54.134 
v 838.825 77.8867 -54.1156 
v 838.825 77.8709 -54.1156 
v 838.769 77.8867 -54.0857 
v 838.769 77.8709 -54.0857 
v 838.72 77.8867 -54.0455 
v 838.72 77.8709 -54.0455 
v 838.68 77.8709 -53.9965 
v 838.877 79.294 -53.7205 
v 838.877 79.5391 -53.7205 
v 838.895 79.5391 -53.7332 
v 838.895 79.294 -53.7332 
v 838.857 79.294 -53.711 
v 838.857 79.5391 -53.711 
v 838.877 79.5391 -53.7205 
v 838.877 79.294 -53.7205 
v 838.835 79.294 -53.7051 
v 838.835 79.5391 -53.7051 
v 838.857 79.5391 -53.711 
v 838.857 79.294 -53.711 
v 838.812 79.294 -53.7031 
v 838.812 79.5391 -53.7031 
v 838.835 79.5391 -53.7051 
v 838.835 79.294 -53.7051 
v 838.789 79.294 -53.7051 
v 838.789 79.5391 -53.7051 
v 838.812 79.5391 -53.7031 
v 838.812 79.294 -53.7031 
v 838.768 79.294 -53.711 
v 838.768 79.5391 -53.711 
v 838.789 79.5391 -53.7051 
v 838.789 79.294 -53.7051 
v 838.747 79.294 -53.7205 
v 838.747 79.5391 -53.7205 
v 838.768 79.5391 -53.711 
v 838.768 79.294 -53.711 
v 838.73 79.294 -53.7332 
v 838.73 79.5391 -53.7332 
v 838.747 79.5391 -53.7205 
v 838.747 79.294 -53.7205 
v 839.16 79.5639 -53.5887 
v 839.16 79.5391 -53.5887 
v 839.113 79.5639 -53.5506 
v 839.113 79.5391 -53.5506 
v 839.06 79.5639 -53.5223 
v 839.06 79.5391 -53.5223 
v 839.003 79.5639 -53.5048 
v 839.003 79.5391 -53.5048 
v 838.943 79.5639 -53.4989 
v 838.943 79.5391 -53.4989 
v 838.889 77.9138 -53.5163 
v 838.949 77.9138 -53.5105 
v 838.949 77.8709 -53.5105 
v 838.889 77.8709 -53.5163 
v 838.832 77.9138 -53.5338 
v 838.832 77.8709 -53.5338 
v 838.779 77.9138 -53.5621 
v 838.779 77.8709 -53.5621 
v 838.732 77.9138 -53.6002 
v 838.732 77.8709 -53.6002 
v 839.204 77.8709 -53.6466 
v 839.166 77.9138 -53.6002 
v 839.166 77.8709 -53.6002 
v 839.119 77.9138 -53.5621 
v 839.119 77.8709 -53.5621 
v 839.066 77.9138 -53.5338 
v 839.066 77.8709 -53.5338 
v 839.009 77.9138 -53.5163 
v 839.009 77.8709 -53.5163 
v 838.949 77.9138 -53.5105 
v 838.949 77.8709 -53.5105 
v 838.826 79.5391 -53.5223 
v 838.773 79.5639 -53.5506 
v 838.826 79.5639 -53.5223 
v 838.773 79.5391 -53.5506 
v 838.883 79.5391 -53.5048 
v 838.726 79.5639 -53.5887 
v 838.883 79.5639 -53.5048 
v 838.943 79.5391 -53.4989 
v 838.943 79.5639 -53.4989 
v 838.726 79.5391 -53.5887 

vn 0 -1 0 
vn 0.456693 -0.574803 -0.685039 
vn 0.527559 -0.669291 -0.527559 
vn 0.582677 -0.574803 -0.582677 
vn 0.622047 -0.480315 -0.622047 
vn 0.622047 -0.669291 -0.417323 
vn 0.732283 -0.480315 -0.488189 
vn 0.685039 -0.574803 -0.456693 
vn 0.685039 -0.669291 -0.283465 
vn 0.811024 -0.480315 -0.338583 
vn 0.755906 -0.574803 -0.314961 
vn 0.858268 -0.480315 -0.173228 
vn 0.80315 -0.574803 -0.15748 
vn 0.732283 -0.669291 -0.141732 
vn 0.874016 -0.480315 0 
vn 0.818898 -0.574803 0 
vn 0.748031 -0.669291 0 
vn 0.732283 -0.669291 0.141732 
vn 0.80315 -0.574803 0.15748 
vn 0.858268 -0.480315 0.173228 
vn 0.685039 -0.669291 0.283465 
vn 0.755906 -0.574803 0.314961 
vn 0.811024 -0.480315 0.338583 
vn 0.685039 -0.574803 0.456693 
vn 0.622047 -0.669291 0.417323 
vn 0.732283 -0.480315 0.488189 
vn 0.582677 -0.574803 0.582677 
vn 0.622047 -0.480315 0.622047 
vn 0.527559 -0.669291 0.527559 
vn 0 1 0 
vn 0 1 0 
vn 0.590551 0.551181 -0.590551 
vn 0.692913 0.551181 -0.464567 
vn 0.590551 0.551181 -0.590551 
vn 0.464567 0.551181 -0.692913 
vn 0.692913 0.551181 -0.464567 
vn 0.771654 0.551181 -0.322835 
vn 0.771654 0.551181 -0.322835 
vn 0.818898 0.551181 -0.165354 
vn 0.818898 0.551181 -0.165354 
vn 0.834646 0.551181 0 
vn 0.834646 0.551181 0 
vn 0.818898 0.551181 0.165354 
vn 0.818898 0.551181 0.165354 
vn 0.771654 0.551181 0.322835 
vn 0.771654 0.551181 0.322835 
vn 0.692913 0.551181 0.464567 
vn 0.692913 0.551181 0.464567 
vn 0.590551 0.551181 0.590551 
vn 0.590551 0.551181 0.590551 
vn 0.464567 0.551181 0.692913 
vn 0.464567 0.551181 0.692913 
vn 0 1 0 
vn 0 1 0 
vn 0.559055 0.00787402 -0.834646 
vn 0.708661 0.00787402 -0.708661 
vn 0.708661 0.00787402 -0.708661 
vn 0.834646 0.00787402 -0.559055 
vn 0.834646 0.00787402 -0.559055 
vn 0.92126 0.00787402 -0.385827 
vn 0.92126 0.00787402 -0.385827 
vn 0.984252 0.00787402 -0.19685 
vn 0.984252 0.00787402 -0.19685 
vn 1 0.00787402 0 
vn 1 0.00787402 0 
vn 0.984252 0 0.19685 
vn 0.984252 0 0.19685 
vn 0.92126 0 0.385827 
vn 0.92126 0 0.385827 
vn 0.834646 0 0.559055 
vn 0.834646 0 0.559055 
vn 0.708661 0 0.708661 
vn 0.708661 0 0.708661 
vn 0.559055 -0.00787402 0.834646 
vn 0.984252 0 -0.19685 
vn 1 0 0 
vn 0.984252 0 -0.19685 
vn 1 0 0 
vn 0.92126 0 -0.385827 
vn 0.984252 0 0.19685 
vn 0.92126 0 -0.385827 
vn 0.984252 0 0.19685 
vn 0.834646 0 -0.559055 
vn 0.92126 0 0.385827 
vn 0.834646 0 -0.559055 
vn 0.92126 0 0.385827 
vn 0.708661 0 -0.708661 
vn 0.834646 0 0.559055 
vn 0.708661 0 -0.708661 
vn 0.834646 0 0.559055 
vn 0.708661 0 0.708661 
vn 0.708661 0 0.708661 
vn 0.92126 0 -0.385827 
vn 0.834646 0 -0.559055 
vn 0.834646 0 -0.559055 
vn 0.708661 0 -0.708661 
vn 0.92126 0 -0.385827 
vn 0.708661 0 -0.708661 
vn 0.984252 0 -0.19685 
vn 0.984252 0 -0.19685 
vn 1 0 0 
vn 1 0 0 
vn 0.984252 0 0.19685 
vn 0.984252 0 0.19685 
vn 0.92126 0 0.385827 
vn 0.92126 0 0.385827 
vn 0.834646 0 0.559055 
vn 0.834646 0 0.559055 
vn 0.708661 0 0.708661 
vn 0.708661 0 0.708661 
vn 0.732283 0 0.685039 
vn 0.732283 0 0.685039 
vn 0.732283 0 0.685039 
vn 0.732283 0 0.685039 
vn 0.732283 0 -0.685039 
vn 0.732283 0 -0.685039 
vn 0.732283 0 -0.685039 
vn 0.732283 0 -0.685039 
vn 0.732283 0 -0.685039 
vn 0.708661 0 0.708661 
vn 0.850394 0 0.519685 
vn 0.850394 0 0.519685 
vn 0.850394 0 0.519685 
vn 0.850394 0 0.519685 
vn 0.559055 0 -0.834646 
vn 0.708661 0 -0.708661 
vn 0.708661 0 -0.708661 
vn 0.834646 0 -0.559055 
vn 0.834646 0 -0.559055 
vn 0.92126 0 -0.385827 
vn 0.92126 0 -0.385827 
vn 0.984252 0 -0.19685 
vn 0.984252 0 -0.19685 
vn 1 0 0 
vn 1 0 0 
vn 0.984252 0 0.19685 
vn 0.984252 0 0.19685 
vn 0.92126 0 0.385827 
vn 0.92126 0 0.385827 
vn 0.834646 0 0.559055 
vn 0.834646 0 0.559055 
vn 0.708661 0 0.708661 
vn 0.708661 0 0.708661 
vn 0.850394 0 -0.519685 
vn 0.850394 0 -0.519685 
vn 0.850394 0 -0.519685 
vn 0.850394 0 -0.519685 
vn 0.708661 0 -0.708661 
vn 0.708661 0 -0.708661 
vn 0.834646 0 -0.559055 
vn 0.834646 0 -0.559055 
vn 0.92126 0 -0.385827 
vn 0.92126 0 -0.385827 
vn 0.984252 0 -0.19685 
vn 0.984252 0 -0.19685 
vn 1 0 0 
vn 1 0 0 
vn 0.984252 0 0.19685 
vn 0.984252 0 0.19685 
vn 0.92126 0 0.385827 
vn 0.92126 0 0.385827 
vn 0.834646 0 0.559055 
vn 0.834646 0 0.559055 
vn 0.708661 0 0.708661 
vn 0.944882 0 0.322835 
vn 0.944882 0 0.322835 
vn 0.944882 0 0.322835 
vn 0.944882 0 0.322835 
vn 0.944882 0 -0.322835 
vn 0.944882 0 -0.322835 
vn 0.944882 0 -0.322835 
vn 0.944882 0 -0.322835 
vn 0.992126 0 0.110236 
vn 0.992126 0 0.110236 
vn 0.992126 0 0.110236 
vn 0.992126 0 0.110236 
vn 0.992126 0 -0.110236 
vn 0.992126 0 -0.110236 
vn 0.992126 0 -0.110236 
vn 0.992126 0 -0.110236 
vn 0 1 0 
vn 0 1 0 
vn 0 1 0 
vn 0 1 0 
vn 0 1 0 
vn 0 1 0 
vn 0 1 0 
vn 0 1 0 
vn 0 1 0 
vn 0 1 0 
vn 0 1 0 
vn 0 1 0 
vn 0 1 0 
vn 0 1 0 
vn 0 1 0 
vn 0 1 0 
vn 0 1 0 
vn 0 1 0 
vn 0 1 0 
vn 0 1 0 
vn 0 1 0 
vn 0 1 0 
vn 0 1 0 
vn 0 1 0 
vn 0 1 0 
vn 0 1 0 
vn 0 1 0 
vn 0 1 0 
vn 0 1 0 
vn 0 1 0 
vn 0 1 0 
vn 0 1 0 
vn 0 1 0 
vn 0 1 0 
vn 0 1 0 
vn 0 1 0 
vn 0 1 0 
vn 0 1 0 
vn 0 1 0 
vn 0 1 0 
vn 0 1 0 
vn 0 1 0 
vn 0 1 0 
vn 0 1 0 
vn 0 1 0 
vn 0 1 0 
vn 0 1 0 
vn 0 1 0 
vn 0 1 0 
vn 0 1 0 
vn 0 1 0 
vn 0 1 0 
vn 0 1 0 
vn 0 1 0 
vn 0 1 0 
vn 0 1 0 
vn 0 1 0 
vn 0 1 0 
vn 0 1 0 
vn 0 1 0 
vn 0 1 0 
vn 0 1 0 
vn 0 1 0 
vn 0 1 0 
vn 0 1 0 
vn 0 1 0 
vn 0 1 0 
vn 0 1 0 
vn 0 1 0 
vn 0 1 0 
vn 0 1 0 
vn 0 1 0 
vn 0 1 0 
vn 0 1 0 
vn 0 1 0 
vn 0 1 0 
vn 0 1 0 
vn 0 1 0 
vn 0 1 0 
vn 0 1 0 
vn 0 1 0 
vn 0 1 0 
vn 0 1 0 
vn 0 1 0 
vn 0 1 0 
vn 0 1 0 
vn 0 1 0 
vn 0 1 0 
vn 0 1 0 
vn 0 1 0 
vn 0 1 0 
vn 0 1 0 
vn 0 1 0 
vn 0 1 0 
vn 0 1 0 
vn 0 1 0 
vn 0 1 0 
vn 0 1 0 
vn 0 1 0 
vn 0 1 0 
vn 0 1 0 
vn 0 1 0 
vn 0 1 0 
vn 0 1 0 
vn 0 1 0 
vn 0 1 0 
vn 0 1 0 
vn 0 1 0 
vn 0 1 0 
vn 0 1 0 
vn 0 1 0 
vn 0 1 0 
vn 0 1 0 
vn 0 1 0 
vn 0 1 0 
vn 0 1 0 
vn 0 1 0 
vn 0 1 0 
vn 0 1 0 
vn 0 1 0 
vn 0 1 0 
vn 0 1 0 
vn 0 1 0 
vn 0 1 0 
vn 0 1 0 
vn 0 1 0 
vn 0 1 0 
vn 0 1 0 
vn 0 1 0 
vn 0 1 0 
vn 0 1 0 
vn 0.590551 0.551181 -0.590551 
vn 0.464567 0.551181 -0.692913 
vn 0.771654 0.551181 -0.322835 
vn 0.322835 0.551181 -0.771654 
vn 0.818898 0.551181 -0.165354 
vn 0.818898 0.551181 0.165354 
vn -0.165354 0.551181 -0.818898 
vn -0.322835 0.551181 -0.771654 
vn -0.322835 0.551181 -0.771654 
vn 0.590551 0.551181 0.590551 
vn -0.590551 0.551181 -0.590551 
vn -0.590551 0.551181 -0.590551 
vn -0.692913 0.551181 -0.464567 
vn -0.771654 0.551181 -0.322835 
vn 0.322835 0.551181 0.771654 
vn -0.771654 0.551181 -0.322835 
vn -0.818898 0.551181 -0.165354 
vn -0.818898 0.551181 0.165354 
vn -0.771654 0.551181 0.322835 
vn -0.692913 0.551181 0.464567 
vn -0.590551 0.551181 0.590551 
vn -0.464567 0.551181 0.692913 
vn -0.322835 0.551181 0.771654 
vn -0.322835 0.551181 0.771654 
vn -0.165354 0.551181 0.818898 
vn 0 1 0 
vn 0 1 0 
vn 0 1 0 
vn 0 1 0 
vn 0 1 0 
vn 0 1 0 
vn 0 1 0 
vn 0 1 0 
vn 0 1 0 
vn 0 1 0 
vn 0 1 0 
vn 0 1 0 
vn 0 1 0 
vn 0 1 0 
vn 0 1 0 
vn 0 1 0 
vn 0 1 0 
vn 0 1 0 
vn 0 1 0 
vn 0 1 0 
vn 0 1 0 
vn 0 1 0 
vn 0 1 0 
vn 0 1 0 
vn 0 1 0 
vn 0 1 0 
vn 0 1 0 
vn 0 1 0 
vn 0 1 0 
vn 0 1 0 
vn 0 1 0 
vn 0 1 0 
vn 0 -1 0 
vn 0.732283 -0.480315 0.488189 
vn 0.582677 -0.574803 0.582677 
vn 0.622047 -0.480315 0.622047 
vn 0.527559 -0.669291 0.527559 
vn 0.488189 -0.480315 0.732283 
vn 0.456693 -0.574803 0.685039 
vn 0.417323 -0.669291 0.622047 
vn 0.338583 -0.480315 0.811024 
vn 0.314961 -0.574803 0.755906 
vn 0.283465 -0.669291 0.685039 
vn 0.173228 -0.480315 0.858268 
vn 0.15748 -0.574803 0.80315 
vn 0 -0.480315 0.874016 
vn 0.141732 -0.669291 0.732283 
vn 0 -0.574803 0.818898 
vn 0 -0.669291 0.748031 
vn -0.685039 -0.669291 0.283465 
vn -0.685039 -0.574803 0.456693 
vn -0.582677 -0.574803 0.582677 
vn -0.622047 -0.480315 0.622047 
vn -0.527559 -0.669291 0.527559 
vn -0.488189 -0.480315 0.732283 
vn -0.456693 -0.574803 0.685039 
vn -0.417323 -0.669291 0.622047 
vn -0.338583 -0.480315 0.811024 
vn -0.314961 -0.574803 0.755906 
vn -0.283465 -0.669291 0.685039 
vn -0.173228 -0.480315 0.858268 
vn -0.15748 -0.574803 0.80315 
vn 0 -0.480315 0.874016 
vn -0.141732 -0.669291 0.732283 
vn 0 -0.574803 0.818898 
vn 0 -0.669291 0.748031 
vn 0 1 0 
vn 0 1 0 
vn 0 1 0 
vn 0 1 0 
vn 0 1 0 
vn 0 1 0 
vn 0 1 0 
vn 0 1 0 
vn 0 1 0 
vn 0 1 0 
vn 0 1 0 
vn 0 1 0 
vn 0 1 0 
vn 0 1 0 
vn 0 1 0 
vn 0 1 0 
vn 0 1 0 
vn 0 1 0 
vn 0 1 0 
vn 0 1 0 
vn 0 1 0 
vn 0 1 0 
vn 0 1 0 
vn 0 1 0 
vn 0 1 0 
vn 0 1 0 
vn 0 1 0 
vn 0 1 0 
vn 0 1 0 
vn 0 1 0 
vn 0.692913 0.551181 0.464567 
vn 0.692913 0.551181 0.464567 
vn 0.590551 0.551181 0.590551 
vn 0.590551 0.551181 0.590551 
vn 0.464567 0.551181 0.692913 
vn 0.464567 0.551181 0.692913 
vn 0.322835 0.551181 0.771654 
vn 0.322835 0.551181 0.771654 
vn 0.165354 0.551181 0.818898 
vn 0.165354 0.551181 0.818898 
vn 0 0.551181 0.834646 
vn 0 0.551181 0.834646 
vn -0.818898 0.551181 -0.165354 
vn -0.692913 0.551181 0.464567 
vn -0.590551 0.551181 0.590551 
vn -0.590551 0.551181 0.590551 
vn -0.464567 0.551181 0.692913 
vn -0.464567 0.551181 0.692913 
vn -0.322835 0.551181 0.771654 
vn -0.322835 0.551181 0.771654 
vn -0.165354 0.551181 0.818898 
vn -0.165354 0.551181 0.818898 
vn 0 0.551181 0.834646 
vn 0 0.551181 0.834646 
vn 0 1 0 
vn 0 1 0 
vn -0.19685 -0.00787402 0.984252 
vn 0 -0.00787402 1 
vn -0.19685 -0.00787402 0.984252 
vn 0 -0.00787402 1 
vn -0.385827 -0.00787402 0.92126 
vn -0.385827 -0.00787402 0.92126 
vn -0.559055 -0.00787402 0.834646 
vn -0.559055 -0.00787402 0.834646 
vn -0.708661 -0.00787402 0.708661 
vn -0.708661 -0.00787402 0.708661 
vn 0.834646 0 0.559055 
vn 0.834646 0 0.559055 
vn 0.708661 0 0.708661 
vn 0.708661 0 0.708661 
vn 0.559055 -0.00787402 0.834646 
vn 0.559055 -0.00787402 0.834646 
vn 0.385827 -0.00787402 0.92126 
vn 0.385827 -0.00787402 0.92126 
vn 0.19685 -0.00787402 0.984252 
vn 0.19685 -0.00787402 0.984252 
vn 0 -0.00787402 1 
vn 0 -0.00787402 1 
vn 0.834646 0 0.559055 
vn 0.834646 0 0.559055 
vn 0.708661 0 0.708661 
vn 0.708661 0 0.708661 
vn 0.559055 0 0.834646 
vn 0.559055 0 0.834646 
vn 0.385827 0 0.92126 
vn 0.385827 0 0.92126 
vn 0.19685 0 0.984252 
vn 0.19685 0 0.984252 
vn 0 0 1 
vn 0 0 1 
vn -0.834646 0 0.559055 
vn -0.834646 0 0.559055 
vn -0.708661 0 0.708661 
vn -0.708661 0 0.708661 
vn -0.559055 0 0.834646 
vn -0.559055 0 0.834646 
vn -0.385827 0 0.92126 
vn -0.385827 0 0.92126 
vn -0.19685 0 0.984252 
vn -0.19685 0 0.984252 
vn 0 0 1 
vn 0 0 1 
vn 0 1 0 
vn 0 1 0 
vn 0 1 0 
vn 0 1 0 
vn 0 1 0 
vn 0 1 0 
vn 0 1 0 
vn 0 1 0 
vn 0 1 0 
vn 0 1 0 
vn 0 1 0 
vn 0 1 0 
vn 0 1 0 
vn 0 1 0 
vn 0 1 0 
vn 0 1 0 
vn 0 1 0 
vn 0 1 0 
vn 0 1 0 
vn 0.708661 0 0.708661 
vn 0.708661 0 0.708661 
vn 0.559055 0 0.834646 
vn 0.559055 0 0.834646 
vn 0.385827 0 0.92126 
vn 0.385827 0 0.92126 
vn 0.19685 0 0.984252 
vn 0.19685 0 0.984252 
vn 0 0 1 
vn 0 0 1 
vn -0.708661 0 0.708661 
vn -0.708661 0 0.708661 
vn -0.559055 0 0.834646 
vn -0.559055 0 0.834646 
vn -0.385827 0 0.92126 
vn -0.385827 0 0.92126 
vn -0.19685 0 0.984252 
vn -0.19685 0 0.984252 
vn 0 0 1 
vn 0 0 1 
vn -0.582677 0 0.811024 
vn -0.582677 0 0.811024 
vn -0.582677 0 0.811024 
vn -0.582677 0 0.811024 
vn -0.425197 0 0.905512 
vn -0.425197 0 0.905512 
vn -0.425197 0 0.905512 
vn -0.425197 0 0.905512 
vn -0.259843 0 0.968504 
vn -0.259843 0 0.968504 
vn -0.259843 0 0.968504 
vn -0.259843 0 0.968504 
vn -0.0866142 0 1 
vn -0.0866142 0 1 
vn -0.0866142 0 1 
vn -0.0866142 0 1 
vn 0 1 0 
vn 0 1 0 
vn 0 1 0 
vn 0 1 0 
vn 0 1 0 
vn 0 1 0 
vn 0 1 0 
vn 0 1 0 
vn 0 1 0 
vn 0 1 0 
vn 0 1 0 
vn 0 1 0 
vn 0 1 0 
vn 0 1 0 
vn 0 1 0 
vn 0 1 0 
vn 0 1 0 
vn 0 1 0 
vn 0.0866142 0 1 
vn 0.0866142 0 1 
vn 0.0866142 0 1 
vn 0.0866142 0 1 
vn 0.259843 0 0.968504 
vn 0.259843 0 0.968504 
vn 0.259843 0 0.968504 
vn 0.259843 0 0.968504 
vn 0.425197 0 0.905512 
vn 0.425197 0 0.905512 
vn 0.425197 0 0.905512 
vn 0.425197 0 0.905512 
vn 0.582677 0 0.811024 
vn 0.582677 0 0.811024 
vn 0.582677 0 0.811024 
vn 0.582677 0 0.811024 
vn 0.708661 0 0.708661 
vn 0.559055 0 0.834646 
vn 0.559055 0 0.834646 
vn 0.385827 0 0.92126 
vn 0.385827 0 0.92126 
vn 0.19685 0 0.984252 
vn 0.19685 0 0.984252 
vn 0 0 1 
vn 0 0 1 
vn -0.19685 0 0.984252 
vn -0.19685 0 0.984252 
vn -0.385827 0 0.92126 
vn -0.385827 0 0.92126 
vn -0.559055 0 0.834646 
vn -0.559055 0 0.834646 
vn -0.708661 0 0.708661 
vn -0.708661 0 0.708661 
vn -0.92126 0 0.385827 
vn -0.92126 0 0.385827 
vn 0.834646 0 0.559055 
vn 0.834646 0 0.559055 
vn 0.708661 0 0.708661 
vn 0.708661 0 0.708661 
vn 0.559055 0 0.834646 
vn 0.559055 0 0.834646 
vn 0.385827 0 0.92126 
vn 0.385827 0 0.92126 
vn 0.19685 0 0.984252 
vn 0.19685 0 0.984252 
vn 0 0 1 
vn 0 0 1 
vn -0.19685 0 0.984252 
vn -0.19685 0 0.984252 
vn -0.385827 0 0.92126 
vn -0.385827 0 0.92126 
vn -0.559055 0 0.834646 
vn -0.559055 0 0.834646 
vn -0.708661 0 0.708661 
vn -0.708661 0 0.708661 
vn -0.834646 0 0.559055 
vn -0.834646 0 0.559055 
vn -0.984252 0 0.19685 
vn -0.984252 0 0.19685 
vn 0.984252 0 0.19685 
vn 0.834646 0 0.559055 
vn 0.834646 0 0.559055 
vn 0.708661 0 0.708661 
vn 0 -1 0 
vn 0.80315 -0.574803 0.15748 
vn 0.314961 -0.574803 0.755906 
vn -0.527559 -0.669291 -0.527559 
vn -0.582677 -0.574803 -0.582677 
vn -0.622047 -0.480315 -0.622047 
vn -0.622047 -0.669291 -0.417323 
vn -0.732283 -0.480315 -0.488189 
vn -0.685039 -0.574803 -0.456693 
vn -0.685039 -0.669291 -0.283465 
vn -0.811024 -0.480315 -0.338583 
vn -0.755906 -0.574803 -0.314961 
vn -0.858268 -0.480315 -0.173228 
vn -0.80315 -0.574803 -0.15748 
vn -0.732283 -0.669291 -0.141732 
vn -0.874016 -0.480315 0 
vn -0.818898 -0.574803 0 
vn -0.748031 -0.669291 0 
vn -0.732283 -0.669291 0.141732 
vn -0.80315 -0.574803 0.15748 
vn -0.858268 -0.480315 0.173228 
vn -0.685039 -0.669291 0.283465 
vn -0.755906 -0.574803 0.314961 
vn -0.811024 -0.480315 0.338583 
vn -0.685039 -0.574803 0.456693 
vn -0.622047 -0.669291 0.417323 
vn -0.732283 -0.480315 0.488189 
vn -0.582677 -0.574803 0.582677 
vn -0.622047 -0.480315 0.622047 
vn -0.527559 -0.669291 0.527559 
vn -0.488189 -0.480315 0.732283 
vn 0 1 0 
vn 0 1 0 
vn -0.322835 0.551181 -0.771654 
vn -0.322835 0.551181 -0.771654 
vn -0.590551 0.551181 -0.590551 
vn -0.590551 0.551181 -0.590551 
vn -0.692913 0.551181 -0.464567 
vn -0.692913 0.551181 -0.464567 
vn -0.771654 0.551181 -0.322835 
vn -0.771654 0.551181 -0.322835 
vn -0.818898 0.551181 -0.165354 
vn -0.818898 0.551181 -0.165354 
vn -0.834646 0.551181 0 
vn -0.834646 0.551181 0 
vn -0.818898 0.551181 0.165354 
vn -0.818898 0.551181 0.165354 
vn -0.771654 0.551181 0.322835 
vn -0.771654 0.551181 0.322835 
vn -0.692913 0.551181 0.464567 
vn -0.692913 0.551181 0.464567 
vn -0.590551 0.551181 0.590551 
vn -0.590551 0.551181 0.590551 
vn -0.322835 0.551181 0.771654 
vn -0.322835 0.551181 0.771654 
vn 0 1 0 
vn 0 1 0 
vn -0.559055 -0.00787402 0.834646 
vn -0.708661 -0.00787402 0.708661 
vn -0.708661 -0.00787402 0.708661 
vn -0.834646 -0.00787402 0.559055 
vn -0.834646 -0.00787402 0.559055 
vn -0.92126 -0.00787402 0.385827 
vn -0.92126 -0.00787402 0.385827 
vn -0.984252 -0.00787402 0.19685 
vn -0.984252 -0.00787402 0.19685 
vn -1 -0.00787402 0 
vn -1 -0.00787402 0 
vn -0.984252 0 -0.19685 
vn -0.984252 0 -0.19685 
vn -0.92126 0 -0.385827 
vn -0.92126 0 -0.385827 
vn -0.834646 0 -0.559055 
vn -0.834646 0 -0.559055 
vn -0.708661 0 -0.708661 
vn -0.708661 0 -0.708661 
vn -0.708661 0 -0.708661 
vn -0.708661 0 -0.708661 
vn -0.834646 0 -0.559055 
vn -0.834646 0 -0.559055 
vn -0.92126 0 -0.385827 
vn -0.92126 0 -0.385827 
vn -0.984252 0 -0.19685 
vn -0.984252 0 -0.19685 
vn -1 0 0 
vn -1 0 0 
vn -0.984252 0 0.19685 
vn -0.984252 0 0.19685 
vn -0.92126 0 0.385827 
vn -0.92126 0 0.385827 
vn -0.834646 0 0.559055 
vn -0.834646 0 0.559055 
vn -0.708661 0 0.708661 
vn -0.708661 0 0.708661 
vn -0.708661 0 -0.708661 
vn -0.708661 0 -0.708661 
vn -0.834646 0 -0.559055 
vn -0.834646 0 -0.559055 
vn -0.92126 0 -0.385827 
vn -0.92126 0 -0.385827 
vn -0.984252 0 -0.19685 
vn -0.984252 0 -0.19685 
vn -1 0 0 
vn -1 0 0 
vn -0.984252 0 0.19685 
vn -0.984252 0 0.19685 
vn -0.92126 0 0.385827 
vn -0.92126 0 0.385827 
vn -0.834646 0 0.559055 
vn -0.834646 0 0.559055 
vn -0.708661 0 0.708661 
vn -0.708661 0 0.708661 
vn -0.992126 0 0.110236 
vn -0.992126 0 0.110236 
vn -0.992126 0 0.110236 
vn -0.992126 0 0.110236 
vn -0.992126 0 -0.110236 
vn -0.992126 0 -0.110236 
vn -0.992126 0 -0.110236 
vn -0.992126 0 -0.110236 
vn -0.944882 0 0.322835 
vn -0.944882 0 0.322835 
vn -0.944882 0 0.322835 
vn -0.944882 0 0.322835 
vn -0.944882 0 -0.322835 
vn -0.944882 0 -0.322835 
vn -0.944882 0 -0.322835 
vn -0.944882 0 -0.322835 
vn -0.850394 0 0.519685 
vn -0.850394 0 0.519685 
vn -0.850394 0 0.519685 
vn -0.850394 0 0.519685 
vn -0.850394 0 -0.519685 
vn -0.850394 0 -0.519685 
vn -0.850394 0 -0.519685 
vn -0.850394 0 -0.519685 
vn -0.732283 0 0.685039 
vn -0.732283 0 0.685039 
vn -0.732283 0 0.685039 
vn -0.732283 0 0.685039 
vn -0.732283 0 -0.685039 
vn -0.732283 0 -0.685039 
vn -0.732283 0 -0.685039 
vn -0.732283 0 -0.685039 
vn -0.559055 0 0.834646 
vn -0.708661 0 0.708661 
vn -0.708661 0 0.708661 
vn -0.834646 0 0.559055 
vn -0.834646 0 0.559055 
vn -0.92126 0 0.385827 
vn -0.92126 0 0.385827 
vn -0.984252 0 0.19685 
vn -0.984252 0 0.19685 
vn -1 0 0 
vn -1 0 0 
vn -0.984252 0 -0.19685 
vn -0.984252 0 -0.19685 
vn -0.92126 0 -0.385827 
vn -0.92126 0 -0.385827 
vn -0.834646 0 -0.559055 
vn -0.834646 0 -0.559055 
vn -0.708661 0 -0.708661 
vn -0.708661 0 -0.708661 
vn -0.385827 0 -0.92126 
vn 0 0 -1 
vn 0 0 -1 
vn -0.708661 0 0.708661 
vn -0.708661 0 0.708661 
vn -0.834646 0 0.559055 
vn -0.834646 0 0.559055 
vn -0.92126 0 0.385827 
vn -0.92126 0 0.385827 
vn -0.984252 0 0.19685 
vn -0.984252 0 0.19685 
vn -1 0 0 
vn -1 0 0 
vn -0.984252 0 -0.19685 
vn -0.984252 0 -0.19685 
vn -0.92126 0 -0.385827 
vn -0.92126 0 -0.385827 
vn -0.834646 0 -0.559055 
vn -0.834646 0 -0.559055 
vn -0.708661 0 -0.708661 
vn -0.708661 0 -0.708661 
vn 0 -1 0 
vn 0 -1 0 
vn 0 -1 0 
vn 0 -1 0 
vn 0 -1 0 
vn 0 -1 0 
vn 0 -1 0 
vn 0 -1 0 
vn 0 -1 0 
vn 0 -1 0 
vn 0 -1 0 
vn 0 -1 0 
vn 0 -1 0 
vn 0 -1 0 
vn 0 -1 0 
vn 0 -1 0 
vn 0 -1 0 
vn 0 -1 0 
vn 0 -1 0 
vn 0 -1 0 
vn 0 -1 0 
vn 0 -1 0 
vn 0 -1 0 
vn 0 -1 0 
vn 0 -1 0 
vn 0 -1 0 
vn 0 -1 0 
vn 0 -1 0 
vn 0 -1 0 
vn 0 -1 0 
vn 0 -1 0 
vn 0 -1 0 
vn 0 -1 0 
vn 0 -1 0 
vn 0 -1 0 
vn 0 -1 0 
vn 0 -1 0 
vn 0 -1 0 
vn 0 -1 0 
vn 0 -1 0 
vn 0 -1 0 
vn 0 -1 0 
vn 0 -1 0 
vn 0 -1 0 
vn 0 -1 0 
vn 0 -1 0 
vn 0 -1 0 
vn 0 -1 0 
vn 0 -1 0 
vn 0 -1 0 
vn 0 -1 0 
vn 0 -1 0 
vn 0 -1 0 
vn 0 -1 0 
vn 0 -1 0 
vn 0 -1 0 
vn 0 -1 0 
vn 0 -1 0 
vn 0 -1 0 
vn 0 -1 0 
vn 0 -1 0 
vn 0 -1 0 
vn 0 -1 0 
vn 0 -1 0 
vn 0 -1 0 
vn 0 -1 0 
vn 0 -1 0 
vn 0 -1 0 
vn 0 -1 0 
vn 0 -1 0 
vn 0 -1 0 
vn 0 -1 0 
vn 0 -1 0 
vn 0 -1 0 
vn 0 -1 0 
vn 0 -1 0 
vn 0 -1 0 
vn 0 -1 0 
vn 0 -1 0 
vn 0 -1 0 
vn 0 -1 0 
vn 0 -1 0 
vn 0 -1 0 
vn 0 -1 0 
vn 0 -1 0 
vn 0 -1 0 
vn 0 -1 0 
vn 0 -1 0 
vn 0 -1 0 
vn 0 -1 0 
vn 0 -1 0 
vn 0 -1 0 
vn 0 -1 0 
vn 0 -1 0 
vn 0 -1 0 
vn 0 -1 0 
vn 0 -1 0 
vn 0 -1 0 
vn -0.15748 -0.574803 -0.80315 
vn 0.173228 -0.480315 -0.858268 
vn 0.283465 -0.669291 -0.685039 
vn 0.314961 -0.574803 -0.755906 
vn 0.417323 -0.669291 -0.622047 
vn 0.456693 -0.574803 -0.685039 
vn 0.527559 -0.669291 -0.527559 
vn 0.582677 -0.574803 -0.582677 
vn 0.622047 -0.669291 -0.417323 
vn 0.685039 -0.574803 -0.456693 
vn 0.685039 -0.669291 -0.283465 
vn 0.811024 -0.480315 -0.338583 
vn 0.755906 -0.574803 -0.314961 
vn 0.80315 -0.574803 -0.15748 
vn 0.80315 -0.574803 0.15748 
vn 0.685039 -0.669291 0.283465 
vn 0.755906 -0.574803 0.314961 
vn 0.685039 -0.574803 0.456693 
vn 0.622047 -0.669291 0.417323 
vn 0.582677 -0.574803 0.582677 
vn 0.527559 -0.669291 0.527559 
vn 0.456693 -0.574803 0.685039 
vn 0.417323 -0.669291 0.622047 
vn 0.314961 -0.574803 0.755906 
vn 0.283465 -0.669291 0.685039 
vn -0.314961 -0.574803 -0.755906 
vn -0.283465 -0.669291 -0.685039 
vn -0.417323 -0.669291 -0.622047 
vn -0.456693 -0.574803 -0.685039 
vn -0.527559 -0.669291 -0.527559 
vn -0.582677 -0.574803 -0.582677 
vn -0.622047 -0.669291 -0.417323 
vn -0.685039 -0.574803 -0.456693 
vn -0.685039 -0.669291 -0.283465 
vn -0.755906 -0.574803 -0.314961 
vn -0.80315 -0.574803 -0.15748 
vn -0.80315 -0.574803 0.15748 
vn -0.685039 -0.669291 0.283465 
vn -0.755906 -0.574803 0.314961 
vn -0.685039 -0.574803 0.456693 
vn -0.622047 -0.669291 0.417323 
vn -0.582677 -0.574803 0.582677 
vn -0.527559 -0.669291 0.527559 
vn -0.488189 -0.480315 0.732283 
vn -0.456693 -0.574803 0.685039 
vn -0.417323 -0.669291 0.622047 
vn -0.314961 -0.574803 0.755906 
vn -0.283465 -0.669291 0.685039 
vn -0.15748 -0.574803 -0.80315 
vn 0 -0.480315 -0.874016 
vn 0 -0.574803 -0.818898 
vn -0.141732 -0.669291 -0.732283 
vn 0 -0.669291 -0.748031 
vn 0.141732 -0.669291 -0.732283 
vn 0.15748 -0.574803 -0.80315 
vn 0.173228 -0.480315 -0.858268 
vn 0.283465 -0.669291 -0.685039 
vn 0.314961 -0.574803 -0.755906 
vn 0.338583 -0.480315 -0.811024 
vn 0.417323 -0.669291 -0.622047 
vn 0.456693 -0.574803 -0.685039 
vn 0.488189 -0.480315 -0.732283 
vn 0.527559 -0.669291 -0.527559 
vn 0.582677 -0.574803 -0.582677 
vn 0.622047 -0.480315 -0.622047 
vn 0.811024 -0.480315 -0.338583 
vn -0.173228 -0.480315 -0.858268 
vn -0.314961 -0.574803 -0.755906 
vn -0.338583 -0.480315 -0.811024 
vn -0.283465 -0.669291 -0.685039 
vn -0.417323 -0.669291 -0.622047 
vn -0.456693 -0.574803 -0.685039 
vn -0.527559 -0.669291 -0.527559 
vn -0.488189 -0.480315 -0.732283 
vn -0.582677 -0.574803 -0.582677 
vn -0.622047 -0.480315 -0.622047 
vn -0.732283 -0.480315 -0.488189 
vn 0 1 0 
vn 0 1 0 
vn 0.590551 0.551181 -0.590551 
vn 0.590551 0.551181 -0.590551 
vn 0.464567 0.551181 -0.692913 
vn 0.464567 0.551181 -0.692913 
vn 0.322835 0.551181 -0.771654 
vn 0.322835 0.551181 -0.771654 
vn 0.165354 0.551181 -0.818898 
vn 0.165354 0.551181 -0.818898 
vn 0 0.551181 -0.834646 
vn 0 0.551181 -0.834646 
vn -0.165354 0.551181 -0.818898 
vn -0.165354 0.551181 -0.818898 
vn -0.322835 0.551181 -0.771654 
vn -0.322835 0.551181 -0.771654 
vn -0.464567 0.551181 -0.692913 
vn -0.464567 0.551181 -0.692913 
vn -0.590551 0.551181 -0.590551 
vn -0.590551 0.551181 -0.590551 
vn -0.692913 0.551181 -0.464567 
vn -0.771654 0.551181 -0.322835 
vn -0.771654 0.551181 -0.322835 
vn -0.818898 0.551181 -0.165354 
vn 0 1 0 
vn 0 1 0 
vn -0.834646 0 -0.559055 
vn -0.834646 0 -0.559055 
vn -0.708661 0 -0.708661 
vn -0.708661 0 -0.708661 
vn -0.559055 0.00787402 -0.834646 
vn -0.559055 0.00787402 -0.834646 
vn -0.385827 0.00787402 -0.92126 
vn -0.385827 0.00787402 -0.92126 
vn -0.19685 0.00787402 -0.984252 
vn -0.19685 0.00787402 -0.984252 
vn 0 0.00787402 -1 
vn 0 0.00787402 -1 
vn 0.19685 0.00787402 -0.984252 
vn 0.19685 0.00787402 -0.984252 
vn 0.385827 0.00787402 -0.92126 
vn 0.385827 0.00787402 -0.92126 
vn 0.559055 0.00787402 -0.834646 
vn 0.559055 0.00787402 -0.834646 
vn 0.708661 0.00787402 -0.708661 
vn 0.708661 0.00787402 -0.708661 
vn 0.92126 0.00787402 -0.385827 
vn 0.708661 0 -0.708661 
vn 0.708661 0 -0.708661 
vn 0.559055 0 -0.834646 
vn 0.559055 0 -0.834646 
vn 0.385827 0 -0.92126 
vn 0.385827 0 -0.92126 
vn 0.19685 0 -0.984252 
vn 0.19685 0 -0.984252 
vn 0 0 -1 
vn 0 0 -1 
vn -0.19685 0 -0.984252 
vn -0.19685 0 -0.984252 
vn -0.385827 0 -0.92126 
vn -0.385827 0 -0.92126 
vn -0.559055 0 -0.834646 
vn -0.559055 0 -0.834646 
vn -0.708661 0 -0.708661 
vn -0.708661 0 -0.708661 
vn 0.834646 0 -0.559055 
vn 0.708661 0 -0.708661 
vn 0.708661 0 -0.708661 
vn 0.559055 0 -0.834646 
vn 0.559055 0 -0.834646 
vn 0.385827 0 -0.92126 
vn 0.385827 0 -0.92126 
vn 0.19685 0 -0.984252 
vn 0.19685 0 -0.984252 
vn 0 0 -1 
vn 0 0 -1 
vn -0.19685 0 -0.984252 
vn -0.19685 0 -0.984252 
vn -0.385827 0 -0.92126 
vn -0.385827 0 -0.92126 
vn -0.559055 0 -0.834646 
vn -0.559055 0 -0.834646 
vn -0.708661 0 -0.708661 
vn -0.708661 0 -0.708661 
vn -0.834646 0 -0.559055 
vn -0.582677 0 -0.811024 
vn -0.582677 0 -0.811024 
vn -0.582677 0 -0.811024 
vn -0.582677 0 -0.811024 
vn -0.425197 0 -0.905512 
vn -0.425197 0 -0.905512 
vn -0.425197 0 -0.905512 
vn -0.425197 0 -0.905512 
vn -0.259843 0 -0.968504 
vn -0.259843 0 -0.968504 
vn -0.259843 0 -0.968504 
vn -0.259843 0 -0.968504 
vn -0.0866142 0 -1 
vn -0.0866142 0 -1 
vn -0.0866142 0 -1 
vn -0.0866142 0 -1 
vn 0.0866142 0 -1 
vn 0.0866142 0 -1 
vn 0.0866142 0 -1 
vn 0.0866142 0 -1 
vn 0.259843 0 -0.968504 
vn 0.259843 0 -0.968504 
vn 0.259843 0 -0.968504 
vn 0.259843 0 -0.968504 
vn 0.425197 0 -0.905512 
vn 0.425197 0 -0.905512 
vn 0.425197 0 -0.905512 
vn 0.425197 0 -0.905512 
vn 0.582677 0 -0.811024 
vn 0.582677 0 -0.811024 
vn 0.582677 0 -0.811024 
vn 0.582677 0 -0.811024 
vn -0.708661 0 -0.708661 
vn -0.708661 0 -0.708661 
vn -0.559055 0 -0.834646 
vn -0.559055 0 -0.834646 
vn -0.385827 0 -0.92126 
vn -0.385827 0 -0.92126 
vn -0.19685 0 -0.984252 
vn -0.19685 0 -0.984252 
vn 0 0 -1 
vn 0 0 -1 
vn 0.19685 0 -0.984252 
vn 0 0 -1 
vn 0 0 -1 
vn 0.19685 0 -0.984252 
vn 0.385827 0 -0.92126 
vn 0.385827 0 -0.92126 
vn 0.559055 0 -0.834646 
vn 0.559055 0 -0.834646 
vn 0.708661 0 -0.708661 
vn 0.708661 0 -0.708661 
vn -0.834646 0 -0.559055 
vn -0.708661 0 -0.708661 
vn -0.708661 0 -0.708661 
vn -0.559055 0 -0.834646 
vn -0.559055 0 -0.834646 
vn -0.385827 0 -0.92126 
vn -0.385827 0 -0.92126 
vn -0.19685 0 -0.984252 
vn -0.19685 0 -0.984252 
vn 0 0 -1 
vn 0 0 -1 
vn 0.385827 0 -0.92126 
vn 0.559055 0 -0.834646 
vn 0.385827 0 -0.92126 
vn 0.559055 0 -0.834646 
vn 0.19685 0 -0.984252 
vn 0.708661 0 -0.708661 
vn 0.19685 0 -0.984252 
vn 0 0 -1 
vn 0 0 -1 
vn 0.708661 0 -0.708661 

vt 7.97363 -59.1058 
vt 8.03635 -59.1011 
vt 8.02929 -59.1038 
vt 8.03102 -59.1011 
vt 8.03417 -59.093 
vt 8.02316 -59.1038 
vt 8.027 -59.093 
vt 8.02452 -59.1011 
vt 8.01617 -59.1038 
vt 8.01881 -59.093 
vt 8.01711 -59.1011 
vt 8.00994 -59.093 
vt 8.00907 -59.1011 
vt 8.00859 -59.1038 
vt 8.0007 -59.093 
vt 8.0007 -59.1011 
vt 8.0007 -59.1038 
vt 7.99282 -59.1038 
vt 7.99234 -59.1011 
vt 7.99147 -59.093 
vt 7.98523 -59.1038 
vt 7.9843 -59.1011 
vt 7.98259 -59.093 
vt 7.97689 -59.1011 
vt 7.97824 -59.1038 
vt 7.97441 -59.093 
vt 7.97039 -59.1011 
vt 7.96724 -59.093 
vt 7.97212 -59.1038 
vt 7.98674 -58.8973 
vt 8.01194 -58.8973 
vt 8.0281 -58.8967 
vt 8.02559 -58.9066 
vt 8.03276 -58.9066 
vt 8.03865 -58.9066 
vt 8.02193 -58.8967 
vt 8.01741 -58.9066 
vt 8.01489 -58.8967 
vt 8.00853 -58.9066 
vt 8.00725 -58.8967 
vt 7.9993 -58.9066 
vt 7.9993 -58.8967 
vt 7.99135 -58.8967 
vt 7.99006 -58.9066 
vt 7.98371 -58.8967 
vt 7.98119 -58.9066 
vt 7.97666 -58.8967 
vt 7.973 -58.9066 
vt 7.97049 -58.8967 
vt 7.96583 -58.9066 
vt 7.95995 -58.9066 
vt 7.96542 -58.8967 
vt 7.9865 -58.9279 
vt 8.01219 -58.9279 
vt 8.03865 -58.9066 
vt 8.03276 -58.9066 
vt 8.03417 -59.093 
vt 8.027 -59.093 
vt 8.02559 -58.9066 
vt 8.01881 -59.093 
vt 8.01741 -58.9066 
vt 8.00994 -59.093 
vt 8.00853 -58.9066 
vt 8.0007 -59.093 
vt 7.9993 -58.9066 
vt 7.99147 -59.093 
vt 7.99006 -58.9066 
vt 7.98259 -59.093 
vt 7.98119 -58.9066 
vt 7.97441 -59.093 
vt 7.973 -58.9066 
vt 7.96724 -59.093 
vt 7.96583 -58.9066 
vt 7.95995 -58.9066 
vt 8.00725 -58.8942 
vt 7.9993 -58.8967 
vt 8.00725 -58.8967 
vt 7.9993 -58.8942 
vt 8.01489 -58.8942 
vt 7.99135 -58.8967 
vt 8.01489 -58.8967 
vt 7.99135 -58.8942 
vt 8.02193 -58.8942 
vt 7.98371 -58.8967 
vt 8.02193 -58.8967 
vt 7.98371 -58.8942 
vt 8.0281 -58.8942 
vt 7.97666 -58.8967 
vt 8.0281 -58.8967 
vt 7.97666 -58.8942 
vt 7.97049 -58.8967 
vt 7.97049 -58.8942 
vt 8.01617 -59.1058 
vt 8.02316 -59.1058 
vt 8.02316 -59.1038 
vt 8.02929 -59.1038 
vt 8.01617 -59.1038 
vt 8.02929 -59.1058 
vt 8.00859 -59.1058 
vt 8.00859 -59.1038 
vt 8.0007 -59.1058 
vt 8.0007 -59.1038 
vt 7.99282 -59.1058 
vt 7.99282 -59.1038 
vt 7.98523 -59.1058 
vt 7.98523 -59.1038 
vt 7.97824 -59.1058 
vt 7.97824 -59.1038 
vt 7.97212 -59.1058 
vt 7.97212 -59.1038 
vt 8.00843 -58.8973 
vt 8.00648 -58.9279 
vt 8.00843 -58.9279 
vt 8.00648 -58.8973 
vt 7.99221 -58.9279 
vt 7.992 -58.8973 
vt 7.99026 -58.9279 
vt 7.99026 -58.8973 
vt 7.99221 -58.8973 
vt 8.0264 -58.8973 
vt 8.00648 -58.8973 
vt 8.00426 -58.9279 
vt 8.00648 -58.9279 
vt 8.00426 -58.8973 
vt 7.96887 -59.1058 
vt 7.97363 -59.1005 
vt 7.97363 -59.1058 
vt 7.97943 -59.1005 
vt 7.97943 -59.1058 
vt 7.98605 -59.1005 
vt 7.98605 -59.1058 
vt 7.99323 -59.1005 
vt 7.99323 -59.1058 
vt 8.0007 -59.1005 
vt 8.0007 -59.1058 
vt 8.00817 -59.1005 
vt 8.00817 -59.1058 
vt 8.01536 -59.1005 
vt 8.01536 -59.1058 
vt 8.02198 -59.1005 
vt 8.02198 -59.1058 
vt 8.02778 -59.1005 
vt 8.02778 -59.1058 
vt 7.99443 -58.8973 
vt 7.99221 -58.9279 
vt 7.99443 -58.9279 
vt 7.99221 -58.8973 
vt 7.97219 -58.8942 
vt 7.97219 -58.8973 
vt 7.978 -58.8942 
vt 7.978 -58.8973 
vt 7.98463 -58.8942 
vt 7.98463 -58.8973 
vt 7.99182 -58.8942 
vt 7.99182 -58.8973 
vt 7.9993 -58.8942 
vt 7.9993 -58.8973 
vt 8.00677 -58.8942 
vt 8.00677 -58.8973 
vt 8.01396 -58.8942 
vt 8.01396 -58.8973 
vt 8.02059 -58.8942 
vt 8.02059 -58.8973 
vt 8.0264 -58.8942 
vt 8.00426 -58.8973 
vt 8.00185 -58.9279 
vt 8.00426 -58.9279 
vt 8.00185 -58.8973 
vt 7.99684 -58.8973 
vt 7.99443 -58.9279 
vt 7.99684 -58.9279 
vt 7.99443 -58.8973 
vt 8.00185 -58.8973 
vt 7.99934 -58.9279 
vt 8.00185 -58.9279 
vt 7.99934 -58.8973 
vt 7.99934 -58.8973 
vt 7.99684 -58.9279 
vt 7.99934 -58.9279 
vt 7.99684 -58.8973 
vt 7.96496 -58.9846 
vt 7.9665 -58.9767 
vt 7.96273 -58.9837 
vt 7.9685 -58.978 
vt 7.96278 -58.9918 
vt 7.97156 -58.9705 
vt 7.96041 -58.9913 
vt 7.97327 -58.9722 
vt 7.96204 -58.9993 
vt 7.97774 -58.9654 
vt 7.95963 -58.9993 
vt 7.97908 -58.9674 
vt 7.96041 -59.0072 
vt 7.98478 -58.9617 
vt 7.96278 -59.0068 
vt 7.98571 -58.9639 
vt 7.96273 -59.0149 
vt 7.99243 -58.9593 
vt 7.96496 -59.014 
vt 7.9929 -58.9617 
vt 8.00037 -58.9586 
vt 8.00037 -58.961 
vt 7.9665 -59.0219 
vt 7.9685 -59.0206 
vt 7.97156 -59.0281 
vt 7.97327 -59.0264 
vt 7.97774 -59.0332 
vt 7.97908 -59.0312 
vt 7.98478 -59.0369 
vt 7.98571 -59.0347 
vt 7.99243 -59.0393 
vt 7.9929 -59.0369 
vt 8.00037 -59.04 
vt 8.00037 -59.0376 
vt 8.00785 -59.0369 
vt 8.00832 -59.0393 
vt 8.01504 -59.0347 
vt 8.01597 -59.0369 
vt 8.02167 -59.0312 
vt 8.02301 -59.0332 
vt 8.02748 -59.0264 
vt 8.02918 -59.0281 
vt 8.03224 -59.0206 
vt 8.03425 -59.0219 
vt 8.03579 -59.014 
vt 8.03801 -59.0149 
vt 8.03797 -59.0068 
vt 8.04033 -59.0072 
vt 8.0387 -58.9993 
vt 8.04112 -58.9993 
vt 8.04033 -58.9913 
vt 8.03797 -58.9918 
vt 8.03801 -58.9837 
vt 8.03579 -58.9846 
vt 8.03425 -58.9767 
vt 8.03224 -58.978 
vt 8.02918 -58.9705 
vt 8.02748 -58.9722 
vt 8.02301 -58.9654 
vt 8.02167 -58.9674 
vt 8.01597 -58.9617 
vt 8.01504 -58.9639 
vt 8.00832 -58.9593 
vt 8.00785 -58.9617 
vt 8.00037 -58.9586 
vt 8.00037 -58.961 
vt 8.03579 -58.9846 
vt 8.02704 -58.9903 
vt 8.02867 -58.992 
vt 8.02483 -58.9887 
vt 8.02886 -58.9922 
vt 8.03224 -58.978 
vt 8.03797 -58.9918 
vt 8.0223 -58.9875 
vt 8.03021 -58.9944 
vt 8.02748 -58.9722 
vt 8.03105 -58.9968 
vt 8.01956 -58.9867 
vt 8.0387 -58.9993 
vt 8.0167 -58.9865 
vt 8.03133 -58.9993 
vt 8.02167 -58.9674 
vt 8.03105 -59.0019 
vt 8.01385 -58.9867 
vt 8.03797 -59.0068 
vt 8.01504 -58.9639 
vt 8.03021 -59.0043 
vt 8.0111 -58.9875 
vt 8.02886 -59.0065 
vt 8.00785 -58.9617 
vt 8.03579 -59.014 
vt 8.00858 -58.9887 
vt 8.02704 -59.0084 
vt 8.00037 -58.961 
vt 8.02483 -59.01 
vt 8.00636 -58.9903 
vt 8.03224 -59.0206 
vt 7.9929 -58.9617 
vt 8.0223 -59.0112 
vt 7.98571 -58.9639 
vt 8.02748 -59.0264 
vt 8.00454 -58.9922 
vt 8.01956 -59.0119 
vt 7.97908 -58.9674 
vt 8.0167 -59.0122 
vt 8.00319 -58.9944 
vt 8.02167 -59.0312 
vt 7.97327 -58.9722 
vt 8.01385 -59.0119 
vt 7.9685 -58.978 
vt 8.01504 -59.0347 
vt 8.00236 -58.9968 
vt 8.0111 -59.0112 
vt 7.96496 -58.9846 
vt 8.00785 -59.0369 
vt 7.96278 -58.9918 
vt 8.00858 -59.01 
vt 8.00208 -58.9993 
vt 8.00037 -59.0376 
vt 7.96204 -58.9993 
vt 8.00636 -59.0084 
vt 7.96278 -59.0068 
vt 7.9929 -59.0369 
vt 8.00236 -59.0019 
vt 7.98571 -59.0347 
vt 7.96496 -59.014 
vt 8.00454 -59.0065 
vt 7.9685 -59.0206 
vt 7.97908 -59.0312 
vt 8.00319 -59.0043 
vt 7.97327 -59.0264 
vt 7.97156 -59.0281 
vt 7.97408 -59.0387 
vt 7.96273 -59.0149 
vt 7.98478 -59.0369 
vt 7.96041 -59.0072 
vt 7.96041 -58.9913 
vt 8.00832 -59.0393 
vt 8.01597 -59.0369 
vt 8.01849 -59.043 
vt 7.97156 -58.9705 
vt 8.02918 -59.0281 
vt 8.03384 -59.0328 
vt 8.03973 -59.0256 
vt 8.0441 -59.0174 
vt 7.98478 -58.9617 
vt 8.03801 -59.0149 
vt 8.04033 -59.0072 
vt 8.04033 -58.9913 
vt 8.0441 -58.9812 
vt 8.03425 -58.9767 
vt 8.03384 -58.9658 
vt 8.02301 -58.9654 
vt 8.01849 -58.9556 
vt 8.01597 -58.9617 
vt 8.00832 -58.9593 
vt 8.02886 -59.0065 
vt 8.02704 -58.9903 
vt 8.02704 -59.0084 
vt 8.02483 -59.01 
vt 8.02886 -58.9922 
vt 8.02483 -58.9887 
vt 8.03021 -58.9944 
vt 8.0223 -58.9875 
vt 8.03021 -59.0043 
vt 8.0223 -59.0112 
vt 8.03105 -59.0019 
vt 8.03105 -58.9968 
vt 8.03133 -58.9993 
vt 8.01956 -59.0119 
vt 8.01956 -58.9867 
vt 8.0167 -58.9865 
vt 8.0167 -59.0122 
vt 8.01385 -59.0119 
vt 8.01385 -58.9867 
vt 8.0111 -58.9875 
vt 8.0111 -59.0112 
vt 8.00858 -59.01 
vt 8.00858 -58.9887 
vt 8.00636 -58.9903 
vt 8.00636 -59.0084 
vt 8.00454 -59.0065 
vt 8.00454 -58.9922 
vt 8.00319 -58.9944 
vt 8.00319 -59.0043 
vt 8.00236 -59.0019 
vt 8.00236 -58.9968 
vt 8.00208 -58.9993 
vt 8.02745 -59.1058 
vt 8.03973 -59.093 
vt 8.03069 -59.1011 
vt 8.03384 -59.093 
vt 8.02896 -59.1038 
vt 8.02667 -59.093 
vt 8.02419 -59.1011 
vt 8.02283 -59.1038 
vt 8.01849 -59.093 
vt 8.01678 -59.1011 
vt 8.01585 -59.1038 
vt 8.00961 -59.093 
vt 8.00874 -59.1011 
vt 8.00037 -59.093 
vt 8.00826 -59.1038 
vt 8.00037 -59.1011 
vt 8.00037 -59.1038 
vt 7.96302 -59.1038 
vt 7.96473 -59.1011 
vt 7.97006 -59.1011 
vt 7.96691 -59.093 
vt 7.97179 -59.1038 
vt 7.97408 -59.093 
vt 7.97656 -59.1011 
vt 7.97791 -59.1038 
vt 7.98226 -59.093 
vt 7.98397 -59.1011 
vt 7.9849 -59.1038 
vt 7.99114 -59.093 
vt 7.99201 -59.1011 
vt 8.00037 -59.093 
vt 7.99249 -59.1038 
vt 8.00037 -59.1011 
vt 8.00037 -59.1038 
vt 7.99792 -58.8973 
vt 7.9833 -58.8973 
vt 7.98615 -58.8973 
vt 7.9889 -58.8973 
vt 7.99142 -58.8973 
vt 7.99364 -58.8973 
vt 7.99546 -58.8973 
vt 7.99681 -58.8973 
vt 7.99764 -58.8973 
vt 7.99792 -58.8973 
vt 7.99764 -58.8973 
vt 7.99681 -58.8973 
vt 7.99546 -58.8973 
vt 7.99364 -58.8973 
vt 7.99142 -58.8973 
vt 7.9889 -58.8973 
vt 7.98615 -58.8973 
vt 7.9833 -58.8973 
vt 7.98045 -58.8973 
vt 7.9777 -58.8973 
vt 7.97517 -58.8973 
vt 7.97296 -58.8973 
vt 7.97114 -58.8973 
vt 7.96979 -58.8973 
vt 7.96895 -58.8973 
vt 7.96867 -58.8973 
vt 7.96895 -58.8973 
vt 7.96979 -58.8973 
vt 7.97114 -58.8973 
vt 7.97133 -58.8973 
vt 8.0335 -58.8967 
vt 8.03898 -58.9066 
vt 8.02844 -58.8967 
vt 8.03309 -58.9066 
vt 8.02592 -58.9066 
vt 8.02226 -58.8967 
vt 8.01774 -58.9066 
vt 8.01522 -58.8967 
vt 8.00886 -58.9066 
vt 8.00758 -58.8967 
vt 7.99963 -58.9066 
vt 7.99963 -58.8967 
vt 7.95967 -58.8967 
vt 7.96575 -58.8967 
vt 7.97082 -58.8967 
vt 7.96616 -58.9066 
vt 7.97333 -58.9066 
vt 7.97699 -58.8967 
vt 7.98151 -58.9066 
vt 7.98403 -58.8967 
vt 7.99039 -58.9066 
vt 7.99168 -58.8967 
vt 7.99963 -58.9066 
vt 7.99963 -58.8967 
vt 7.96867 -58.9279 
vt 7.99792 -58.9279 
vt 7.99114 -59.093 
vt 7.99963 -58.9066 
vt 7.99039 -58.9066 
vt 8.00037 -59.093 
vt 7.98226 -59.093 
vt 7.98151 -58.9066 
vt 7.97408 -59.093 
vt 7.97333 -58.9066 
vt 7.96691 -59.093 
vt 7.96616 -58.9066 
vt 8.03973 -59.093 
vt 8.03898 -58.9066 
vt 8.03384 -59.093 
vt 8.03309 -58.9066 
vt 8.02667 -59.093 
vt 8.02592 -58.9066 
vt 8.01849 -59.093 
vt 8.01774 -58.9066 
vt 8.00961 -59.093 
vt 8.00886 -58.9066 
vt 8.00037 -59.093 
vt 7.99963 -58.9066 
vt 8.0335 -58.8967 
vt 8.0335 -58.8942 
vt 8.02844 -58.8967 
vt 8.02844 -58.8942 
vt 8.02226 -58.8967 
vt 8.02226 -58.8942 
vt 8.01522 -58.8967 
vt 8.01522 -58.8942 
vt 8.00758 -58.8967 
vt 8.00758 -58.8942 
vt 7.99963 -58.8967 
vt 7.99963 -58.8942 
vt 7.96575 -58.8942 
vt 7.96575 -58.8967 
vt 7.97082 -58.8942 
vt 7.97082 -58.8967 
vt 7.97699 -58.8942 
vt 7.97699 -58.8967 
vt 7.98403 -58.8942 
vt 7.98403 -58.8967 
vt 7.99168 -58.8942 
vt 7.99168 -58.8967 
vt 7.99963 -58.8942 
vt 7.99963 -58.8967 
vt 7.97296 -58.8973 
vt 7.97517 -58.8973 
vt 7.9777 -58.8973 
vt 7.98045 -58.8973 
vt 7.96895 -58.9279 
vt 7.96979 -58.9279 
vt 7.97114 -58.9279 
vt 7.97296 -58.9279 
vt 7.97517 -58.9279 
vt 7.9777 -58.9279 
vt 7.98045 -58.9279 
vt 7.9833 -58.9279 
vt 7.99546 -58.9279 
vt 7.99681 -58.9279 
vt 7.99364 -58.9279 
vt 7.99142 -58.9279 
vt 7.9889 -58.9279 
vt 7.98615 -58.9279 
vt 7.9833 -58.9279 
vt 8.02896 -59.1058 
vt 8.02896 -59.1038 
vt 8.02283 -59.1058 
vt 8.02283 -59.1038 
vt 8.01585 -59.1058 
vt 8.01585 -59.1038 
vt 8.00826 -59.1058 
vt 8.00826 -59.1038 
vt 8.00037 -59.1058 
vt 8.00037 -59.1038 
vt 7.97179 -59.1038 
vt 7.97179 -59.1058 
vt 7.97791 -59.1038 
vt 7.97791 -59.1058 
vt 7.9849 -59.1038 
vt 7.9849 -59.1058 
vt 7.99249 -59.1038 
vt 7.99249 -59.1058 
vt 8.00037 -59.1038 
vt 8.00037 -59.1058 
vt 7.99364 -58.9279 
vt 7.99364 -58.8973 
vt 7.99142 -58.9279 
vt 7.99142 -58.8973 
vt 7.99142 -58.8973 
vt 7.9889 -58.9279 
vt 7.99142 -58.9279 
vt 7.9889 -58.8973 
vt 7.9889 -58.9279 
vt 7.9889 -58.8973 
vt 7.98615 -58.9279 
vt 7.98615 -58.8973 
vt 7.98615 -58.9279 
vt 7.98615 -58.8973 
vt 7.9833 -58.9279 
vt 7.9833 -58.8973 
vt 7.99764 -58.9279 
vt 7.99792 -58.9279 
vt 7.99764 -58.9279 
vt 7.99681 -58.9279 
vt 7.99546 -58.9279 
vt 7.99364 -58.9279 
vt 7.99142 -58.9279 
vt 7.9889 -58.9279 
vt 7.98615 -58.9279 
vt 7.9833 -58.9279 
vt 7.98045 -58.9279 
vt 7.9777 -58.9279 
vt 7.97517 -58.9279 
vt 7.97296 -58.9279 
vt 7.97114 -58.9279 
vt 7.96979 -58.9279 
vt 7.96895 -58.9279 
vt 7.96867 -58.9279 
vt 7.9833 -58.9279 
vt 7.9833 -58.8973 
vt 7.98045 -58.9279 
vt 7.98045 -58.8973 
vt 7.98045 -58.9279 
vt 7.98045 -58.8973 
vt 7.9777 -58.9279 
vt 7.9777 -58.8973 
vt 7.9777 -58.8973 
vt 7.97517 -58.9279 
vt 7.9777 -58.9279 
vt 7.97517 -58.8973 
vt 7.97517 -58.8973 
vt 7.97296 -58.9279 
vt 7.97517 -58.9279 
vt 7.97296 -58.8973 
vt 7.97252 -58.8973 
vt 7.97833 -58.8973 
vt 7.97833 -58.8942 
vt 7.98496 -58.8942 
vt 7.98496 -58.8973 
vt 7.99215 -58.8942 
vt 7.99215 -58.8973 
vt 7.99963 -58.8942 
vt 7.99963 -58.8973 
vt 8.0071 -58.8942 
vt 8.0071 -58.8973 
vt 8.01429 -58.8942 
vt 8.01429 -58.8973 
vt 8.02092 -58.8942 
vt 8.02092 -58.8973 
vt 8.02673 -58.8942 
vt 8.02673 -58.8973 
vt 8.03504 -58.8942 
vt 8.03504 -58.8973 
vt 7.96853 -59.1005 
vt 7.96853 -59.1058 
vt 7.9733 -59.1005 
vt 7.9733 -59.1058 
vt 7.9791 -59.1005 
vt 7.9791 -59.1058 
vt 7.98572 -59.1005 
vt 7.98572 -59.1058 
vt 7.9929 -59.1005 
vt 7.9929 -59.1058 
vt 8.00037 -59.1005 
vt 8.00037 -59.1058 
vt 8.00784 -59.1005 
vt 8.00784 -59.1058 
vt 8.01503 -59.1005 
vt 8.01503 -59.1058 
vt 8.02165 -59.1005 
vt 8.02165 -59.1058 
vt 8.02745 -59.1005 
vt 8.02745 -59.1058 
vt 8.03221 -59.1005 
vt 8.03221 -59.1058 
vt 8.03793 -59.1005 
vt 8.03793 -59.1058 
vt 7.96203 -58.8973 
vt 7.96775 -58.8942 
vt 7.96775 -58.8973 
vt 7.97252 -58.8942 
vt 8.02637 -59.1058 
vt 8.00766 -59.1011 
vt 8.0389 -59.1011 
vt 7.97071 -59.1038 
vt 7.96898 -59.1011 
vt 7.96583 -59.093 
vt 7.97684 -59.1038 
vt 7.973 -59.093 
vt 7.97548 -59.1011 
vt 7.98383 -59.1038 
vt 7.98119 -59.093 
vt 7.98289 -59.1011 
vt 7.99006 -59.093 
vt 7.99093 -59.1011 
vt 7.99141 -59.1038 
vt 7.9993 -59.093 
vt 7.9993 -59.1011 
vt 7.9993 -59.1038 
vt 8.00718 -59.1038 
vt 8.00766 -59.1011 
vt 8.00853 -59.093 
vt 8.01477 -59.1038 
vt 8.0157 -59.1011 
vt 8.01741 -59.093 
vt 8.02311 -59.1011 
vt 8.02176 -59.1038 
vt 8.02559 -59.093 
vt 8.02961 -59.1011 
vt 8.03276 -59.093 
vt 8.02788 -59.1038 
vt 8.03865 -59.093 
vt 8.01326 -58.8973 
vt 7.98806 -58.8973 
vt 7.96306 -58.8967 
vt 7.95698 -58.9066 
vt 7.9719 -58.8967 
vt 7.96724 -58.9066 
vt 7.97441 -58.9066 
vt 7.97807 -58.8967 
vt 7.98259 -58.9066 
vt 7.98511 -58.8967 
vt 7.99147 -58.9066 
vt 7.99275 -58.8967 
vt 8.0007 -58.9066 
vt 8.0007 -58.8967 
vt 8.00865 -58.8967 
vt 8.00994 -58.9066 
vt 8.01629 -58.8967 
vt 8.01881 -58.9066 
vt 8.02334 -58.8967 
vt 8.027 -58.9066 
vt 8.02951 -58.8967 
vt 8.03417 -58.9066 
vt 8.04443 -58.9066 
vt 8.03834 -58.8967 
vt 8.0135 -58.9279 
vt 7.98781 -58.9279 
vt 8.03865 -59.093 
vt 8.03276 -59.093 
vt 8.03417 -58.9066 
vt 8.027 -58.9066 
vt 8.02559 -59.093 
vt 8.01881 -58.9066 
vt 8.01741 -59.093 
vt 8.00994 -58.9066 
vt 8.00853 -59.093 
vt 8.0007 -58.9066 
vt 7.9993 -59.093 
vt 7.99147 -58.9066 
vt 7.99006 -59.093 
vt 7.98259 -58.9066 
vt 7.98119 -59.093 
vt 7.97441 -58.9066 
vt 7.973 -59.093 
vt 7.96724 -58.9066 
vt 7.96583 -59.093 
vt 7.9719 -58.8942 
vt 7.9719 -58.8967 
vt 7.97807 -58.8942 
vt 7.97807 -58.8967 
vt 7.98511 -58.8942 
vt 7.98511 -58.8967 
vt 7.99275 -58.8942 
vt 7.99275 -58.8967 
vt 8.0007 -58.8942 
vt 8.0007 -58.8967 
vt 8.00865 -58.8942 
vt 8.00865 -58.8967 
vt 8.01629 -58.8942 
vt 8.01629 -58.8967 
vt 8.02334 -58.8942 
vt 8.02334 -58.8967 
vt 8.02951 -58.8942 
vt 8.02951 -58.8967 
vt 7.97071 -59.1038 
vt 7.97071 -59.1058 
vt 7.97684 -59.1038 
vt 7.97684 -59.1058 
vt 7.98383 -59.1038 
vt 7.98383 -59.1058 
vt 7.99141 -59.1038 
vt 7.99141 -59.1058 
vt 7.9993 -59.1038 
vt 7.9993 -59.1058 
vt 8.00718 -59.1038 
vt 8.00718 -59.1058 
vt 8.01477 -59.1038 
vt 8.01477 -59.1058 
vt 8.02176 -59.1038 
vt 8.02176 -59.1058 
vt 8.02788 -59.1038 
vt 8.02788 -59.1058 
vt 7.99815 -58.8973 
vt 7.99815 -58.9279 
vt 8.00066 -58.9279 
vt 8.00066 -58.8973 
vt 8.00066 -58.8973 
vt 8.00066 -58.9279 
vt 8.00316 -58.9279 
vt 8.00316 -58.8973 
vt 7.99574 -58.8973 
vt 7.99574 -58.9279 
vt 7.99815 -58.9279 
vt 7.99815 -58.8973 
vt 8.00316 -58.8973 
vt 8.00316 -58.9279 
vt 8.00557 -58.9279 
vt 8.00557 -58.8973 
vt 7.99352 -58.8973 
vt 7.99352 -58.9279 
vt 7.99574 -58.9279 
vt 7.99574 -58.8973 
vt 8.00557 -58.8973 
vt 8.00557 -58.9279 
vt 8.00779 -58.9279 
vt 8.00779 -58.8973 
vt 7.99157 -58.8973 
vt 7.99157 -58.9279 
vt 7.99352 -58.9279 
vt 7.99352 -58.8973 
vt 8.00779 -58.8973 
vt 8.00779 -58.9279 
vt 8.00974 -58.9279 
vt 8.00974 -58.8973 
vt 7.96883 -58.8973 
vt 7.9736 -58.8942 
vt 7.9736 -58.8973 
vt 7.97941 -58.8942 
vt 7.97941 -58.8973 
vt 7.98603 -58.8942 
vt 7.98603 -58.8973 
vt 7.99323 -58.8942 
vt 7.99323 -58.8973 
vt 8.0007 -58.8942 
vt 8.0007 -58.8973 
vt 8.00818 -58.8942 
vt 8.00818 -58.8973 
vt 8.01537 -58.8942 
vt 8.01537 -58.8973 
vt 8.022 -58.8942 
vt 8.022 -58.8973 
vt 8.02781 -58.8942 
vt 8.02781 -58.8973 
vt 8.03611 -58.8942 
vt 8.03903 -58.8942 
vt 8.03903 -58.8973 
vt 7.97222 -59.1005 
vt 7.97222 -59.1058 
vt 7.97802 -59.1005 
vt 7.97802 -59.1058 
vt 7.98464 -59.1005 
vt 7.98464 -59.1058 
vt 7.99183 -59.1005 
vt 7.99183 -59.1058 
vt 7.9993 -59.1005 
vt 7.9993 -59.1058 
vt 8.00677 -59.1005 
vt 8.00677 -59.1058 
vt 8.01395 -59.1005 
vt 8.01395 -59.1058 
vt 8.02057 -59.1005 
vt 8.02057 -59.1058 
vt 8.02637 -59.1005 
vt 8.02637 -59.1058 
vt 8.03867 -59.0007 
vt 8.04003 -58.9928 
vt 8.03793 -58.9932 
vt 8.03773 -58.9852 
vt 8.0408 -59.0007 
vt 8.03575 -58.986 
vt 8.04003 -59.0086 
vt 8.03399 -58.9782 
vt 8.03793 -59.0082 
vt 8.03221 -58.9794 
vt 8.03773 -59.0162 
vt 8.02896 -58.9721 
vt 8.03575 -59.0154 
vt 8.02745 -58.9736 
vt 8.03399 -59.0232 
vt 8.02283 -58.9671 
vt 8.03221 -59.022 
vt 8.02165 -58.9689 
vt 8.02896 -59.0293 
vt 8.01585 -58.9634 
vt 8.02745 -59.0278 
vt 8.01503 -58.9653 
vt 8.02283 -59.0343 
vt 8.00826 -58.9611 
vt 8.02165 -59.0325 
vt 8.00784 -58.9631 
vt 8.00037 -58.9603 
vt 8.00037 -58.9624 
vt 8.01585 -59.0381 
vt 8.01503 -59.0361 
vt 8.00826 -59.0404 
vt 8.00784 -59.0383 
vt 8.00037 -59.0411 
vt 8.00037 -59.039 
vt 7.9929 -59.0383 
vt 7.99249 -59.0404 
vt 7.98572 -59.0361 
vt 7.9849 -59.0381 
vt 7.9791 -59.0325 
vt 7.97791 -59.0343 
vt 7.9733 -59.0278 
vt 7.97179 -59.0293 
vt 7.96853 -59.022 
vt 7.96676 -59.0232 
vt 7.965 -59.0154 
vt 7.96302 -59.0162 
vt 7.96282 -59.0082 
vt 7.96072 -59.0086 
vt 7.96208 -59.0007 
vt 7.95994 -59.0007 
vt 7.96072 -58.9928 
vt 7.96282 -58.9932 
vt 7.96302 -58.9852 
vt 7.965 -58.986 
vt 7.96676 -58.9782 
vt 7.96853 -58.9794 
vt 7.97179 -58.9721 
vt 7.9733 -58.9736 
vt 7.97791 -58.9671 
vt 7.9791 -58.9689 
vt 7.9849 -58.9634 
vt 7.98572 -58.9653 
vt 7.99249 -58.9611 
vt 7.9929 -58.9631 
vt 8.00037 -58.9603 
vt 8.00037 -58.9624 
vt 8.00037 -58.9624 
vt 8.00784 -59.0383 
vt 8.00784 -58.9631 
vt 8.00037 -59.039 
vt 8.01503 -59.0361 
vt 7.9929 -59.0383 
vt 8.01503 -58.9653 
vt 7.9929 -58.9631 
vt 7.98572 -59.0361 
vt 7.98572 -58.9653 
vt 7.9791 -58.9689 
vt 7.9791 -59.0325 
vt 8.02165 -58.9689 
vt 8.02165 -59.0325 
vt 8.02745 -59.0278 
vt 7.9733 -59.0278 
vt 7.9733 -58.9736 
vt 7.96853 -58.9794 
vt 8.03221 -58.9794 
vt 8.02745 -58.9736 
vt 8.03221 -59.022 
vt 8.03575 -59.0154 
vt 8.03575 -58.986 
vt 8.03867 -59.0007 
vt 8.03793 -58.9932 
vt 8.03793 -59.0082 
vt 7.965 -59.0154 
vt 7.96853 -59.022 
vt 7.965 -58.986 
vt 7.96208 -59.0007 
vt 7.96282 -58.9932 
vt 7.96282 -59.0082 
vt 7.99201 -59.0427 
vt 8.00961 -59.0471 
vt 8.01585 -59.0381 
vt 8.01678 -59.0403 
vt 8.02283 -59.0343 
vt 8.02419 -59.0363 
vt 8.02896 -59.0293 
vt 8.03069 -59.031 
vt 8.03399 -59.0232 
vt 8.03602 -59.0245 
vt 8.03773 -59.0162 
vt 8.0441 -59.0188 
vt 8.03998 -59.0171 
vt 8.04242 -59.0091 
vt 8.04242 -58.9923 
vt 8.03773 -58.9852 
vt 8.03998 -58.9843 
vt 8.03602 -58.9769 
vt 8.03399 -58.9782 
vt 8.03069 -58.9704 
vt 8.02896 -58.9721 
vt 8.02419 -58.9651 
vt 8.02283 -58.9671 
vt 8.01678 -58.9611 
vt 8.01585 -58.9634 
vt 7.98397 -59.0403 
vt 7.9849 -59.0381 
vt 7.97791 -59.0343 
vt 7.97656 -59.0363 
vt 7.97179 -59.0293 
vt 7.97006 -59.031 
vt 7.96676 -59.0232 
vt 7.96473 -59.0245 
vt 7.96302 -59.0162 
vt 7.96077 -59.0171 
vt 7.95833 -59.0091 
vt 7.95833 -58.9923 
vt 7.96302 -58.9852 
vt 7.96077 -58.9843 
vt 7.96473 -58.9769 
vt 7.96676 -58.9782 
vt 7.97006 -58.9704 
vt 7.97179 -58.9721 
vt 7.97408 -58.9613 
vt 7.97656 -58.9651 
vt 7.97791 -58.9671 
vt 7.98397 -58.9611 
vt 7.9849 -58.9634 
vt 8.00799 -59.1011 
vt 7.99963 -59.093 
vt 7.99963 -59.1011 
vt 8.00751 -59.1038 
vt 7.99963 -59.1038 
vt 7.99174 -59.1038 
vt 7.99126 -59.1011 
vt 7.99039 -59.093 
vt 7.98415 -59.1038 
vt 7.98322 -59.1011 
vt 7.98151 -59.093 
vt 7.97716 -59.1038 
vt 7.97581 -59.1011 
vt 7.97333 -59.093 
vt 7.97104 -59.1038 
vt 7.96931 -59.1011 
vt 7.96616 -59.093 
vt 7.9559 -59.093 
vt 8.00886 -59.093 
vt 8.01603 -59.1011 
vt 8.01774 -59.093 
vt 8.0151 -59.1038 
vt 8.02209 -59.1038 
vt 8.02344 -59.1011 
vt 8.02821 -59.1038 
vt 8.02592 -59.093 
vt 8.02994 -59.1011 
vt 8.03309 -59.093 
vt 8.03898 -59.093 
vt 8.01956 -58.8973 
vt 8.00208 -58.8973 
vt 7.97156 -58.8967 
vt 7.96691 -58.9066 
vt 7.97408 -58.9066 
vt 7.97774 -58.8967 
vt 7.98226 -58.9066 
vt 7.98478 -58.8967 
vt 7.99114 -58.9066 
vt 7.99243 -58.8967 
vt 8.00037 -58.9066 
vt 8.00037 -58.8967 
vt 8.00832 -58.8967 
vt 8.00961 -58.9066 
vt 8.01597 -58.8967 
vt 8.01849 -58.9066 
vt 8.02301 -58.8967 
vt 8.02667 -58.9066 
vt 8.02918 -58.8967 
vt 8.03384 -58.9066 
vt 8.03973 -58.9066 
vt 8.0441 -58.9066 
vt 8.03801 -58.8967 
vt 8.04033 -58.8967 
vt 8.03133 -58.9279 
vt 8.00208 -58.9279 
vt 8.03973 -58.9066 
vt 8.03898 -59.093 
vt 8.03384 -58.9066 
vt 8.03309 -59.093 
vt 8.02667 -58.9066 
vt 8.02592 -59.093 
vt 8.01849 -58.9066 
vt 8.01774 -59.093 
vt 8.00961 -58.9066 
vt 8.00886 -59.093 
vt 8.00037 -58.9066 
vt 7.99963 -59.093 
vt 7.99114 -58.9066 
vt 7.99039 -59.093 
vt 7.98226 -58.9066 
vt 7.98151 -59.093 
vt 7.97408 -58.9066 
vt 7.97333 -59.093 
vt 7.96691 -58.9066 
vt 7.96616 -59.093 
vt 7.9559 -59.093 
vt 7.97156 -58.8942 
vt 7.97156 -58.8967 
vt 7.97774 -58.8942 
vt 7.97774 -58.8967 
vt 7.98478 -58.8942 
vt 7.98478 -58.8967 
vt 7.99243 -58.8942 
vt 7.99243 -58.8967 
vt 8.00037 -58.8942 
vt 8.00037 -58.8967 
vt 8.00832 -58.8942 
vt 8.00832 -58.8967 
vt 8.01597 -58.8942 
vt 8.01597 -58.8967 
vt 8.02301 -58.8942 
vt 8.02301 -58.8967 
vt 8.02918 -58.8942 
vt 8.02918 -58.8967 
vt 7.96601 -59.1058 
vt 7.97104 -59.1038 
vt 7.97104 -59.1058 
vt 7.97716 -59.1038 
vt 7.97716 -59.1058 
vt 7.98415 -59.1038 
vt 7.98415 -59.1058 
vt 7.99174 -59.1038 
vt 7.99174 -59.1058 
vt 7.99963 -59.1038 
vt 7.99963 -59.1058 
vt 8.00751 -59.1038 
vt 8.00751 -59.1058 
vt 8.0151 -59.1038 
vt 8.0151 -59.1058 
vt 8.02209 -59.1038 
vt 8.02209 -59.1058 
vt 8.02821 -59.1038 
vt 8.02821 -59.1058 
vt 8.03324 -59.1058 
vt 8.00858 -58.9279 
vt 8.00858 -58.8973 
vt 8.00636 -58.8973 
vt 8.00636 -58.9279 
vt 8.0111 -58.9279 
vt 8.0111 -58.8973 
vt 8.00858 -58.8973 
vt 8.00858 -58.9279 
vt 8.01385 -58.9279 
vt 8.01385 -58.8973 
vt 8.0111 -58.8973 
vt 8.0111 -58.9279 
vt 8.0167 -58.9279 
vt 8.0167 -58.8973 
vt 8.01385 -58.8973 
vt 8.01385 -58.9279 
vt 8.01956 -58.9279 
vt 8.01956 -58.8973 
vt 8.0167 -58.8973 
vt 8.0167 -58.9279 
vt 8.0223 -58.9279 
vt 8.0223 -58.8973 
vt 8.01956 -58.8973 
vt 8.01956 -58.9279 
vt 8.02483 -58.9279 
vt 8.02483 -58.8973 
vt 8.0223 -58.8973 
vt 8.0223 -58.9279 
vt 8.02704 -58.9279 
vt 8.02704 -58.8973 
vt 8.02483 -58.8973 
vt 8.02483 -58.9279 
vt 7.97327 -58.8942 
vt 7.97327 -58.8973 
vt 7.97908 -58.8942 
vt 7.97908 -58.8973 
vt 7.98571 -58.8942 
vt 7.98571 -58.8973 
vt 7.9929 -58.8942 
vt 7.9929 -58.8973 
vt 8.00037 -58.8942 
vt 8.00037 -58.8973 
vt 8.0071 -59.1005 
vt 7.99963 -59.1005 
vt 7.99963 -59.1058 
vt 8.0071 -59.1058 
vt 8.01428 -59.1005 
vt 8.01428 -59.1058 
vt 8.0209 -59.1005 
vt 8.0209 -59.1058 
vt 8.0267 -59.1005 
vt 8.0267 -59.1058 
vt 7.96779 -59.1058 
vt 7.97255 -59.1005 
vt 7.97255 -59.1058 
vt 7.97835 -59.1005 
vt 7.97835 -59.1058 
vt 7.98497 -59.1005 
vt 7.98497 -59.1058 
vt 7.99216 -59.1005 
vt 7.99216 -59.1058 
vt 7.99963 -59.1005 
vt 7.99963 -59.1058 
vt 8.01504 -58.8973 
vt 8.02167 -58.8942 
vt 8.01504 -58.8942 
vt 8.02167 -58.8973 
vt 8.00785 -58.8973 
vt 8.02748 -58.8942 
vt 8.00785 -58.8942 
vt 8.00037 -58.8973 
vt 8.00037 -58.8942 
vt 8.02748 -58.8973 

usemtl Model1Mtl

f 7/7/7 4/4/4 5/5/5 
f 4/4/4 7/7/7 8/8/8 
f 10/10/10 8/8/8 7/7/7 
f 8/8/8 10/10/10 11/11/11 
f 12/12/12 11/11/11 10/10/10 
f 13/13/13 9/9/9 11/11/11 
f 11/11/11 12/12/12 13/13/13 
f 9/9/9 13/13/13 14/14/14 
f 15/15/15 13/13/13 12/12/12 
f 16/16/16 14/14/14 13/13/13 
f 13/13/13 15/15/15 16/16/16 
f 14/14/14 16/16/16 17/17/17 
f 18/18/18 17/17/17 16/16/16 
f 16/16/16 15/15/15 19/19/19 
f 16/16/16 19/19/19 18/18/18 
f 15/15/15 20/20/20 19/19/19 
f 21/21/21 18/18/18 19/19/19 
f 19/19/19 20/20/20 22/22/22 
f 19/19/19 22/22/22 21/21/21 
f 20/20/20 23/23/23 22/22/22 
f 22/22/22 23/23/23 24/24/24 
f 23/23/23 26/26/26 24/24/24 
f 24/24/24 26/26/26 27/27/27 
f 28/28/28 27/27/27 26/26/26 
f 32/32/32 33/33/33 34/34/34 
f 33/33/33 32/32/32 36/36/36 
f 36/36/36 37/37/37 33/33/33 
f 37/37/37 36/36/36 38/38/38 
f 38/38/38 39/39/39 37/37/37 
f 39/39/39 38/38/38 40/40/40 
f 40/40/40 41/41/41 39/39/39 
f 41/41/41 40/40/40 42/42/42 
f 43/43/43 41/41/41 42/42/42 
f 41/41/41 43/43/43 44/44/44 
f 45/45/45 44/44/44 43/43/43 
f 44/44/44 45/45/45 46/46/46 
f 47/47/47 46/46/46 45/45/45 
f 46/46/46 47/47/47 48/48/48 
f 49/49/49 48/48/48 47/47/47 
f 48/48/48 49/49/49 50/50/50 
f 56/56/56 58/58/58 57/57/57 
f 58/58/58 56/56/56 59/59/59 
f 59/59/59 60/60/60 58/58/58 
f 60/60/60 59/59/59 61/61/61 
f 61/61/61 62/62/62 60/60/60 
f 62/62/62 61/61/61 63/63/63 
f 63/63/63 64/64/64 62/62/62 
f 64/64/64 63/63/63 65/65/65 
f 65/65/65 66/66/66 64/64/64 
f 66/66/66 65/65/65 67/67/67 
f 67/67/67 68/68/68 66/66/66 
f 68/68/68 67/67/67 69/69/69 
f 69/69/69 70/70/70 68/68/68 
f 70/70/70 69/69/69 71/71/71 
f 71/71/71 72/72/72 70/70/70 
f 72/72/72 71/71/71 73/73/73 
f 75/75/75 76/76/76 77/77/77 
f 76/76/76 75/75/75 78/78/78 
f 77/77/77 79/79/79 75/75/75 
f 78/78/78 80/80/80 76/76/76 
f 79/79/79 77/77/77 81/81/81 
f 80/80/80 78/78/78 82/82/82 
f 81/81/81 83/83/83 79/79/79 
f 82/82/82 84/84/84 80/80/80 
f 83/83/83 81/81/81 85/85/85 
f 84/84/84 82/82/82 86/86/86 
f 85/85/85 87/87/87 83/83/83 
f 86/86/86 88/88/88 84/84/84 
f 87/87/87 85/85/85 89/89/89 
f 88/88/88 86/86/86 90/90/90 
f 90/90/90 91/91/91 88/88/88 
f 91/91/91 90/90/90 92/92/92 
f 93/93/93 94/94/94 95/95/95 
f 96/96/96 95/95/95 94/94/94 
f 95/95/95 97/97/97 93/93/93 
f 94/94/94 98/98/98 96/96/96 
f 99/99/99 93/93/93 97/97/97 
f 97/97/97 100/100/100 99/99/99 
f 101/101/101 99/99/99 100/100/100 
f 100/100/100 102/102/102 101/101/101 
f 103/103/103 101/101/101 102/102/102 
f 102/102/102 104/104/104 103/103/103 
f 105/105/105 103/103/103 104/104/104 
f 104/104/104 106/106/106 105/105/105 
f 107/107/107 105/105/105 106/106/106 
f 106/106/106 108/108/108 107/107/107 
f 109/109/109 107/107/107 108/108/108 
f 108/108/108 110/110/110 109/109/109 
f 111/111/111 112/112/112 113/113/113 
f 112/112/112 111/111/111 114/114/114 
f 115/115/115 116/116/116 117/117/117 
f 117/117/117 116/116/116 118/118/118 
f 116/116/116 115/115/115 119/119/119 
f 121/121/121 122/122/122 123/123/123 
f 122/122/122 121/121/121 124/124/124 
f 127/127/127 128/128/128 126/126/126 
f 128/128/128 127/127/127 129/129/129 
f 129/129/129 130/130/130 128/128/128 
f 130/130/130 129/129/129 131/131/131 
f 131/131/131 132/132/132 130/130/130 
f 132/132/132 131/131/131 133/133/133 
f 133/133/133 134/134/134 132/132/132 
f 134/134/134 133/133/133 135/135/135 
f 135/135/135 136/136/136 134/134/134 
f 136/136/136 135/135/135 137/137/137 
f 137/137/137 138/138/138 136/136/136 
f 138/138/138 137/137/137 139/139/139 
f 139/139/139 140/140/140 138/138/138 
f 140/140/140 139/139/139 141/141/141 
f 141/141/141 142/142/142 140/140/140 
f 142/142/142 141/141/141 143/143/143 
f 144/144/144 145/145/145 146/146/146 
f 145/145/145 144/144/144 147/147/147 
f 150/150/150 148/148/148 149/149/149 
f 149/149/149 151/151/151 150/150/150 
f 152/152/152 150/150/150 151/151/151 
f 151/151/151 153/153/153 152/152/152 
f 154/154/154 152/152/152 153/153/153 
f 153/153/153 155/155/155 154/154/154 
f 156/156/156 154/154/154 155/155/155 
f 155/155/155 157/157/157 156/156/156 
f 158/158/158 156/156/156 157/157/157 
f 157/157/157 159/159/159 158/158/158 
f 160/160/160 158/158/158 159/159/159 
f 159/159/159 161/161/161 160/160/160 
f 162/162/162 160/160/160 161/161/161 
f 161/161/161 163/163/163 162/162/162 
f 164/164/164 162/162/162 163/163/163 
f 163/163/163 120/120/120 164/164/164 
f 165/165/165 166/166/166 167/167/167 
f 166/166/166 165/165/165 168/168/168 
f 169/169/169 170/170/170 171/171/171 
f 170/170/170 169/169/169 172/172/172 
f 173/173/173 174/174/174 175/175/175 
f 174/174/174 173/173/173 176/176/176 
f 177/177/177 178/178/178 179/179/179 
f 178/178/178 177/177/177 180/180/180 
f 181/181/181 182/182/182 183/183/183 
f 182/182/182 181/181/181 184/184/184 
f 183/183/183 185/185/185 181/181/181 
f 186/186/186 182/182/182 184/184/184 
f 185/185/185 183/183/183 187/187/187 
f 186/186/186 184/184/184 188/188/188 
f 187/187/187 189/189/189 185/185/185 
f 190/190/190 186/186/186 188/188/188 
f 189/189/189 187/187/187 191/191/191 
f 188/188/188 192/192/192 190/190/190 
f 193/193/193 189/189/189 191/191/191 
f 194/194/194 190/190/190 192/192/192 
f 189/189/189 193/193/193 195/195/195 
f 192/192/192 196/196/196 194/194/194 
f 197/197/197 195/195/195 193/193/193 
f 198/198/198 194/194/194 196/196/196 
f 195/195/195 197/197/197 199/199/199 
f 196/196/196 200/200/200 198/198/198 
f 200/200/200 201/201/201 198/198/198 
f 200/200/200 202/202/202 201/201/201 
f 203/203/203 199/199/199 197/197/197 
f 199/199/199 203/203/203 204/204/204 
f 205/205/205 204/204/204 203/203/203 
f 204/204/204 205/205/205 206/206/206 
f 207/207/207 206/206/206 205/205/205 
f 206/206/206 207/207/207 208/208/208 
f 209/209/209 208/208/208 207/207/207 
f 208/208/208 209/209/209 210/210/210 
f 211/211/211 210/210/210 209/209/209 
f 210/210/210 211/211/211 212/212/212 
f 213/213/213 212/212/212 211/211/211 
f 212/212/212 213/213/213 214/214/214 
f 213/213/213 215/215/215 214/214/214 
f 215/215/215 213/213/213 216/216/216 
f 216/216/216 217/217/217 215/215/215 
f 217/217/217 216/216/216 218/218/218 
f 218/218/218 219/219/219 217/217/217 
f 219/219/219 218/218/218 220/220/220 
f 220/220/220 221/221/221 219/219/219 
f 221/221/221 220/220/220 222/222/222 
f 222/222/222 223/223/223 221/221/221 
f 223/223/223 222/222/222 224/224/224 
f 225/225/225 223/223/223 224/224/224 
f 225/225/225 224/224/224 226/226/226 
f 227/227/227 225/225/225 226/226/226 
f 226/226/226 228/228/228 227/227/227 
f 229/229/229 227/227/227 228/228/228 
f 228/228/228 230/230/230 229/229/229 
f 231/231/231 229/229/229 230/230/230 
f 229/229/229 231/231/231 232/232/232 
f 233/233/233 232/232/232 231/231/231 
f 232/232/232 233/233/233 234/234/234 
f 235/235/235 234/234/234 233/233/233 
f 234/234/234 235/235/235 236/236/236 
f 237/237/237 236/236/236 235/235/235 
f 236/236/236 237/237/237 238/238/238 
f 239/239/239 238/238/238 237/237/237 
f 238/238/238 239/239/239 240/240/240 
f 241/241/241 240/240/240 239/239/239 
f 240/240/240 241/241/241 242/242/242 
f 243/243/243 242/242/242 241/241/241 
f 242/242/242 243/243/243 244/244/244 
f 245/245/245 244/244/244 243/243/243 
f 244/244/244 245/245/245 246/246/246 
f 247/247/247 248/248/248 249/249/249 
f 247/247/247 250/250/250 248/248/248 
f 251/251/251 247/247/247 249/249/249 
f 252/252/252 250/250/250 247/247/247 
f 247/247/247 251/251/251 253/253/253 
f 250/250/250 252/252/252 254/254/254 
f 253/253/253 251/251/251 255/255/255 
f 256/256/256 254/254/254 252/252/252 
f 257/257/257 253/253/253 255/255/255 
f 254/254/254 256/256/256 258/258/258 
f 253/253/253 257/257/257 259/259/259 
f 256/256/256 260/260/260 258/258/258 
f 261/261/261 259/259/259 257/257/257 
f 262/262/262 260/260/260 256/256/256 
f 263/263/263 259/259/259 261/261/261 
f 260/260/260 262/262/262 264/264/264 
f 259/259/259 263/263/263 265/265/265 
f 266/266/266 264/264/264 262/262/262 
f 265/265/265 263/263/263 267/267/267 
f 264/264/264 266/266/266 268/268/268 
f 269/269/269 265/265/265 267/267/267 
f 270/270/270 268/268/268 266/266/266 
f 265/265/265 269/269/269 271/271/271 
f 270/270/270 272/272/272 268/268/268 
f 273/273/273 271/271/271 269/269/269 
f 272/272/272 270/270/270 274/274/274 
f 275/275/275 271/271/271 273/273/273 
f 274/274/274 276/276/276 272/272/272 
f 271/271/271 275/275/275 277/277/277 
f 278/278/278 276/276/276 274/274/274 
f 277/277/277 275/275/275 279/279/279 
f 280/280/280 276/276/276 278/278/278 
f 279/279/279 281/281/281 277/277/277 
f 276/276/276 280/280/280 282/282/282 
f 281/281/281 279/279/279 283/283/283 
f 284/284/284 282/282/282 280/280/280 
f 285/285/285 281/281/281 283/283/283 
f 282/282/282 284/284/284 286/286/286 
f 281/281/281 285/285/285 287/287/287 
f 288/288/288 286/286/286 284/284/284 
f 289/289/289 287/287/287 285/285/285 
f 290/290/290 286/286/286 288/288/288 
f 287/287/287 289/289/289 291/291/291 
f 286/286/286 290/290/290 292/292/292 
f 293/293/293 291/291/291 289/289/289 
f 294/294/294 292/292/292 290/290/290 
f 291/291/291 293/293/293 295/295/295 
f 292/292/292 294/294/294 296/296/296 
f 297/297/297 295/295/295 293/293/293 
f 296/296/296 298/298/298 292/292/292 
f 295/295/295 297/297/297 299/299/299 
f 298/298/298 296/296/296 300/300/300 
f 301/301/301 299/299/299 297/297/297 
f 302/302/302 298/298/298 300/300/300 
f 299/299/299 301/301/301 303/303/303 
f 298/298/298 302/302/302 304/304/304 
f 303/303/303 301/301/301 305/305/305 
f 306/306/306 304/304/304 302/302/302 
f 307/307/307 305/305/305 301/301/301 
f 308/308/308 304/304/304 306/306/306 
f 305/305/305 307/307/307 309/309/309 
f 304/304/304 308/308/308 310/310/310 
f 310/310/310 309/309/309 307/307/307 
f 311/311/311 310/310/310 308/308/308 
f 309/309/309 310/310/310 311/311/311 
f 337/337/337 338/338/338 339/339/339 
f 338/338/338 340/340/340 339/339/339 
f 338/338/338 337/337/337 341/341/341 
f 340/340/340 338/338/338 342/342/342 
f 341/341/341 337/337/337 343/343/343 
f 344/344/344 340/340/340 342/342/342 
f 345/345/345 343/343/343 337/337/337 
f 340/340/340 344/344/344 346/346/346 
f 347/347/347 343/343/343 345/345/345 
f 343/343/343 347/347/347 348/348/348 
f 348/348/348 347/347/347 349/349/349 
f 346/346/346 344/344/344 350/350/350 
f 351/351/351 350/350/350 344/344/344 
f 352/352/352 350/350/350 351/351/351 
f 350/350/350 352/352/352 353/353/353 
f 352/352/352 354/354/354 353/353/353 
f 355/355/355 354/354/354 352/352/352 
f 354/354/354 355/355/355 356/356/356 
f 354/354/354 356/356/356 357/357/357 
f 356/356/356 358/358/358 357/357/357 
f 359/359/359 358/358/358 356/356/356 
f 360/360/360 358/358/358 359/359/359 
f 358/358/358 360/360/360 361/361/361 
f 361/361/361 360/360/360 362/362/362 
f 363/363/363 362/362/362 360/360/360 
f 364/364/364 362/362/362 363/363/363 
f 362/362/362 364/364/364 365/365/365 
f 364/364/364 366/366/366 365/365/365 
f 366/366/366 364/364/364 367/367/367 
f 366/366/366 367/367/367 368/368/368 
f 374/374/374 371/371/371 372/372/372 
f 371/371/371 374/374/374 375/375/375 
f 377/377/377 375/375/375 374/374/374 
f 375/375/375 377/377/377 378/378/378 
f 380/380/380 378/378/378 377/377/377 
f 381/381/381 379/379/379 378/378/378 
f 378/378/378 380/380/380 381/381/381 
f 382/382/382 381/381/381 380/380/380 
f 379/379/379 381/381/381 383/383/383 
f 381/381/381 382/382/382 384/384/384 
f 384/384/384 383/383/383 381/381/381 
f 383/383/383 384/384/384 385/385/385 
f 391/391/391 389/389/389 388/388/388 
f 392/392/392 391/391/391 388/388/388 
f 394/394/394 391/391/391 392/392/392 
f 392/392/392 395/395/395 394/394/394 
f 397/397/397 394/394/394 395/395/395 
f 398/398/398 395/395/395 396/396/396 
f 395/395/395 398/398/398 397/397/397 
f 398/398/398 399/399/399 397/397/397 
f 396/396/396 400/400/400 398/398/398 
f 398/398/398 401/401/401 399/399/399 
f 400/400/400 401/401/401 398/398/398 
f 400/400/400 402/402/402 401/401/401 
f 404/404/404 405/405/405 404/404/404 
f 404/404/404 405/405/405 404/404/404 
f 404/404/404 405/405/405 404/404/404 
f 405/405/405 406/406/406 405/405/405 
f 405/405/405 406/406/406 405/405/405 
f 405/405/405 406/406/406 405/405/405 
f 406/406/406 407/407/407 406/406/406 
f 406/406/406 407/407/407 406/406/406 
f 406/406/406 407/407/407 406/406/406 
f 407/407/407 408/408/408 407/407/407 
f 407/407/407 408/408/408 407/407/407 
f 407/407/407 408/408/408 407/407/407 
f 408/408/408 409/409/409 408/408/408 
f 408/408/408 409/409/409 408/408/408 
f 408/408/408 409/409/409 408/408/408 
f 409/409/409 410/410/410 409/409/409 
f 409/409/409 410/410/410 409/409/409 
f 409/409/409 410/410/410 409/409/409 
f 410/410/410 411/411/411 410/410/410 
f 410/410/410 411/411/411 410/410/410 
f 410/410/410 411/411/411 410/410/410 
f 411/411/411 412/412/412 411/411/411 
f 411/411/411 412/412/412 411/411/411 
f 411/411/411 412/412/412 411/411/411 
f 412/412/412 413/413/413 412/412/412 
f 412/412/412 413/413/413 412/412/412 
f 412/412/412 413/413/413 412/412/412 
f 413/413/413 414/414/414 413/413/413 
f 413/413/413 414/414/414 413/413/413 
f 413/413/413 414/414/414 413/413/413 
f 414/414/414 415/415/415 414/414/414 
f 414/414/414 415/415/415 414/414/414 
f 414/414/414 415/415/415 414/414/414 
f 415/415/415 416/416/416 415/415/415 
f 415/415/415 416/416/416 415/415/415 
f 415/415/415 416/416/416 415/415/415 
f 416/416/416 417/417/417 416/416/416 
f 416/416/416 417/417/417 416/416/416 
f 416/416/416 417/417/417 416/416/416 
f 417/417/417 418/418/418 417/417/417 
f 417/417/417 418/418/418 417/417/417 
f 417/417/417 418/418/418 417/417/417 
f 418/418/418 419/419/419 418/418/418 
f 418/418/418 419/419/419 418/418/418 
f 418/418/418 419/419/419 418/418/418 
f 419/419/419 420/420/420 419/419/419 
f 419/419/419 420/420/420 419/419/419 
f 419/419/419 420/420/420 419/419/419 
f 420/420/420 421/421/421 420/420/420 
f 420/420/420 421/421/421 420/420/420 
f 420/420/420 421/421/421 420/420/420 
f 421/421/421 422/422/422 421/421/421 
f 421/421/421 422/422/422 421/421/421 
f 421/421/421 422/422/422 421/421/421 
f 422/422/422 423/423/423 422/422/422 
f 422/422/422 423/423/423 422/422/422 
f 422/422/422 423/423/423 422/422/422 
f 423/423/423 424/424/424 423/423/423 
f 423/423/423 424/424/424 423/423/423 
f 423/423/423 424/424/424 423/423/423 
f 424/424/424 425/425/425 424/424/424 
f 424/424/424 425/425/425 424/424/424 
f 424/424/424 425/425/425 424/424/424 
f 425/425/425 426/426/426 425/425/425 
f 425/425/425 426/426/426 425/425/425 
f 425/425/425 426/426/426 425/425/425 
f 426/426/426 427/427/427 426/426/426 
f 426/426/426 427/427/427 426/426/426 
f 426/426/426 427/427/427 426/426/426 
f 427/427/427 428/428/428 427/427/427 
f 427/427/427 428/428/428 427/427/427 
f 427/427/427 428/428/428 427/427/427 
f 428/428/428 429/429/429 428/428/428 
f 428/428/428 429/429/429 428/428/428 
f 428/428/428 429/429/429 428/428/428 
f 429/429/429 430/430/430 429/429/429 
f 429/429/429 430/430/430 429/429/429 
f 429/429/429 430/430/430 429/429/429 
f 430/430/430 431/431/431 430/430/430 
f 430/430/430 431/431/431 430/430/430 
f 430/430/430 431/431/431 430/430/430 
f 431/431/431 432/432/432 431/431/431 
f 431/431/431 432/432/432 431/431/431 
f 431/431/431 432/432/432 431/431/431 
f 436/436/436 435/435/435 437/437/437 
f 437/437/437 435/435/435 438/438/438 
f 437/437/437 438/438/438 439/439/439 
f 439/439/439 438/438/438 440/440/440 
f 439/439/439 440/440/440 441/441/441 
f 441/441/441 440/440/440 442/442/442 
f 441/441/441 442/442/442 443/443/443 
f 443/443/443 442/442/442 444/444/444 
f 449/449/449 447/447/447 448/448/448 
f 447/447/447 449/449/449 450/450/450 
f 451/451/451 450/450/450 449/449/449 
f 450/450/450 451/451/451 452/452/452 
f 453/453/453 452/452/452 451/451/451 
f 452/452/452 453/453/453 454/454/454 
f 455/455/455 454/454/454 453/453/453 
f 454/454/454 455/455/455 456/456/456 
f 459/459/459 460/460/460 461/461/461 
f 460/460/460 459/459/459 462/462/462 
f 461/461/461 463/463/463 459/459/459 
f 463/463/463 461/461/461 464/464/464 
f 464/464/464 465/465/465 463/463/463 
f 465/465/465 464/464/464 466/466/466 
f 466/466/466 467/467/467 465/465/465 
f 467/467/467 466/466/466 468/468/468 
f 472/472/472 473/473/473 471/471/471 
f 473/473/473 472/472/472 474/474/474 
f 474/474/474 475/475/475 473/473/473 
f 475/475/475 474/474/474 476/476/476 
f 476/476/476 477/477/477 475/475/475 
f 477/477/477 476/476/476 478/478/478 
f 478/478/478 479/479/479 477/477/477 
f 479/479/479 478/478/478 480/480/480 
f 485/485/485 483/483/483 484/484/484 
f 485/485/485 484/484/484 486/486/486 
f 486/486/486 487/487/487 485/485/485 
f 487/487/487 486/486/486 488/488/488 
f 488/488/488 489/489/489 487/487/487 
f 489/489/489 488/488/488 490/490/490 
f 491/491/491 489/489/489 490/490/490 
f 491/491/491 490/490/490 492/492/492 
f 496/496/496 497/497/497 495/495/495 
f 497/497/497 496/496/496 498/498/498 
f 498/498/498 499/499/499 497/497/497 
f 499/499/499 498/498/498 500/500/500 
f 500/500/500 501/501/501 499/499/499 
f 501/501/501 500/500/500 502/502/502 
f 502/502/502 503/503/503 501/501/501 
f 503/503/503 502/502/502 504/504/504 
f 432/432/432 505/505/505 432/432/432 
f 432/432/432 505/505/505 432/432/432 
f 432/432/432 505/505/505 432/432/432 
f 505/505/505 506/506/506 505/505/505 
f 505/505/505 506/506/506 505/505/505 
f 505/505/505 506/506/506 505/505/505 
f 506/506/506 507/507/507 506/506/506 
f 506/506/506 507/507/507 506/506/506 
f 506/506/506 507/507/507 506/506/506 
f 507/507/507 508/508/508 507/507/507 
f 507/507/507 508/508/508 507/507/507 
f 507/507/507 508/508/508 507/507/507 
f 508/508/508 404/404/404 508/508/508 
f 508/508/508 404/404/404 508/508/508 
f 508/508/508 404/404/404 508/508/508 
f 509/509/509 510/510/510 509/509/509 
f 509/509/509 510/510/510 509/509/509 
f 510/510/510 511/511/511 510/510/510 
f 510/510/510 511/511/511 510/510/510 
f 511/511/511 512/512/512 511/511/511 
f 511/511/511 512/512/512 511/511/511 
f 512/512/512 513/513/513 512/512/512 
f 512/512/512 513/513/513 512/512/512 
f 513/513/513 514/514/514 513/513/513 
f 513/513/513 514/514/514 513/513/513 
f 514/514/514 515/515/515 514/514/514 
f 514/514/514 515/515/515 514/514/514 
f 515/515/515 516/516/516 515/515/515 
f 515/515/515 516/516/516 515/515/515 
f 517/517/517 518/518/518 517/517/517 
f 517/517/517 518/518/518 517/517/517 
f 519/519/519 517/517/517 519/519/519 
f 519/519/519 517/517/517 519/519/519 
f 520/520/520 519/519/519 520/520/520 
f 520/520/520 519/519/519 520/520/520 
f 521/521/521 520/520/520 521/521/521 
f 521/521/521 520/520/520 521/521/521 
f 522/522/522 521/521/521 522/522/522 
f 522/522/522 521/521/521 522/522/522 
f 523/523/523 522/522/522 523/523/523 
f 523/523/523 522/522/522 523/523/523 
f 526/526/526 524/524/524 525/525/525 
f 526/526/526 525/525/525 527/527/527 
f 528/528/528 526/526/526 527/527/527 
f 528/528/528 527/527/527 529/529/529 
f 530/530/530 528/528/528 529/529/529 
f 530/530/530 529/529/529 531/531/531 
f 532/532/532 530/530/530 531/531/531 
f 532/532/532 531/531/531 533/533/533 
f 535/535/535 536/536/536 534/534/534 
f 535/535/535 537/537/537 536/536/536 
f 537/537/537 538/538/538 536/536/536 
f 537/537/537 539/539/539 538/538/538 
f 539/539/539 540/540/540 538/538/538 
f 539/539/539 541/541/541 540/540/540 
f 541/541/541 542/542/542 540/540/540 
f 541/541/541 543/543/543 542/542/542 
f 544/544/544 545/545/545 546/546/546 
f 546/546/546 545/545/545 547/547/547 
f 548/548/548 549/549/549 550/550/550 
f 549/549/549 548/548/548 551/551/551 
f 552/552/552 553/553/553 554/554/554 
f 554/554/554 553/553/553 555/555/555 
f 556/556/556 557/557/557 558/558/558 
f 558/558/558 557/557/557 559/559/559 
f 518/518/518 560/560/560 518/518/518 
f 518/518/518 560/560/560 518/518/518 
f 560/560/560 561/561/561 560/560/560 
f 560/560/560 561/561/561 560/560/560 
f 561/561/561 562/562/562 561/561/561 
f 561/561/561 562/562/562 561/561/561 
f 562/562/562 563/563/563 562/562/562 
f 562/562/562 563/563/563 562/562/562 
f 563/563/563 564/564/564 563/563/563 
f 563/563/563 564/564/564 563/563/563 
f 564/564/564 565/565/565 564/564/564 
f 564/564/564 565/565/565 564/564/564 
f 565/565/565 566/566/566 565/565/565 
f 565/565/565 566/566/566 565/565/565 
f 566/566/566 567/567/567 566/566/566 
f 566/566/566 567/567/567 566/566/566 
f 567/567/567 568/568/568 567/567/567 
f 567/567/567 568/568/568 567/567/567 
f 568/568/568 569/569/569 568/568/568 
f 568/568/568 569/569/569 568/568/568 
f 569/569/569 570/570/570 569/569/569 
f 569/569/569 570/570/570 569/569/569 
f 570/570/570 571/571/571 570/570/570 
f 570/570/570 571/571/571 570/570/570 
f 571/571/571 572/572/572 571/571/571 
f 571/571/571 572/572/572 571/571/571 
f 572/572/572 573/573/573 572/572/572 
f 572/572/572 573/573/573 572/572/572 
f 573/573/573 574/574/574 573/573/573 
f 573/573/573 574/574/574 573/573/573 
f 574/574/574 575/575/575 574/574/574 
f 574/574/574 575/575/575 574/574/574 
f 575/575/575 576/576/576 575/575/575 
f 575/575/575 576/576/576 575/575/575 
f 576/576/576 577/577/577 576/576/576 
f 576/576/576 577/577/577 576/576/576 
f 577/577/577 509/509/509 577/577/577 
f 577/577/577 509/509/509 577/577/577 
f 578/578/578 579/579/579 580/580/580 
f 580/580/580 579/579/579 581/581/581 
f 582/582/582 583/583/583 584/584/584 
f 584/584/584 583/583/583 585/585/585 
f 586/586/586 587/587/587 588/588/588 
f 587/587/587 586/586/586 589/589/589 
f 590/590/590 591/591/591 592/592/592 
f 591/591/591 590/590/590 593/593/593 
f 594/594/594 595/595/595 596/596/596 
f 595/595/595 597/597/597 596/596/596 
f 595/595/595 598/598/598 597/597/597 
f 598/598/598 599/599/599 597/597/597 
f 598/598/598 600/600/600 599/599/599 
f 600/600/600 601/601/601 599/599/599 
f 600/600/600 602/602/602 601/601/601 
f 602/602/602 603/603/603 601/601/601 
f 602/602/602 604/604/604 603/603/603 
f 604/604/604 605/605/605 603/603/603 
f 604/604/604 606/606/606 605/605/605 
f 606/606/606 607/607/607 605/605/605 
f 606/606/606 608/608/608 607/607/607 
f 608/608/608 609/609/609 607/607/607 
f 608/608/608 610/610/610 609/609/609 
f 616/616/616 617/617/617 615/615/615 
f 617/617/617 616/616/616 618/618/618 
f 618/618/618 619/619/619 617/617/617 
f 620/620/620 619/619/619 618/618/618 
f 620/620/620 621/621/621 619/619/619 
f 622/622/622 621/621/621 620/620/620 
f 622/622/622 623/623/623 621/621/621 
f 623/623/623 622/622/622 624/624/624 
f 624/624/624 625/625/625 623/623/623 
f 626/626/626 625/625/625 624/624/624 
f 626/626/626 627/627/627 625/625/625 
f 628/628/628 627/627/627 626/626/626 
f 628/628/628 629/629/629 627/627/627 
f 630/630/630 629/629/629 628/628/628 
f 630/630/630 631/631/631 629/629/629 
f 632/632/632 631/631/631 630/630/630 
f 594/594/594 596/596/596 640/640/640 
f 645/645/645 648/648/648 646/646/646 
f 648/648/648 645/645/645 649/649/649 
f 649/649/649 651/651/651 648/648/648 
f 651/651/651 649/649/649 652/652/652 
f 652/652/652 653/653/653 651/651/651 
f 650/650/650 654/654/654 652/652/652 
f 653/653/653 652/652/652 654/654/654 
f 654/654/654 650/650/650 655/655/655 
f 654/654/654 656/656/656 653/653/653 
f 655/655/655 657/657/657 654/654/654 
f 656/656/656 654/654/654 657/657/657 
f 657/657/657 655/655/655 658/658/658 
f 659/659/659 657/657/657 658/658/658 
f 660/660/660 656/656/656 657/657/657 
f 657/657/657 659/659/659 660/660/660 
f 656/656/656 660/660/660 661/661/661 
f 662/662/662 660/660/660 659/659/659 
f 663/663/663 661/661/661 660/660/660 
f 660/660/660 662/662/662 663/663/663 
f 661/661/661 663/663/663 664/664/664 
f 665/665/665 664/664/664 663/663/663 
f 664/664/664 665/665/665 667/667/667 
f 668/668/668 667/667/667 665/665/665 
f 667/667/667 668/668/668 669/669/669 
f 678/678/678 676/676/676 677/677/677 
f 676/676/676 678/678/678 679/679/679 
f 680/680/680 679/679/679 678/678/678 
f 679/679/679 680/680/680 681/681/681 
f 682/682/682 681/681/681 680/680/680 
f 681/681/681 682/682/682 683/683/683 
f 684/684/684 683/683/683 682/682/682 
f 683/683/683 684/684/684 685/685/685 
f 685/685/685 684/684/684 686/686/686 
f 684/684/684 687/687/687 686/686/686 
f 686/686/686 687/687/687 688/688/688 
f 687/687/687 689/689/689 688/688/688 
f 688/688/688 689/689/689 690/690/690 
f 691/691/691 690/690/690 689/689/689 
f 690/690/690 691/691/691 692/692/692 
f 693/693/693 692/692/692 691/691/691 
f 701/701/701 699/699/699 700/700/700 
f 701/701/701 702/702/702 699/699/699 
f 703/703/703 702/702/702 701/701/701 
f 703/703/703 704/704/704 702/702/702 
f 705/705/705 704/704/704 703/703/703 
f 705/705/705 706/706/706 704/704/704 
f 707/707/707 706/706/706 705/705/705 
f 707/707/707 708/708/708 706/706/706 
f 709/709/709 708/708/708 707/707/707 
f 709/709/709 710/710/710 708/708/708 
f 711/711/711 710/710/710 709/709/709 
f 711/711/711 712/712/712 710/710/710 
f 713/713/713 712/712/712 711/711/711 
f 713/713/713 714/714/714 712/712/712 
f 715/715/715 714/714/714 713/713/713 
f 715/715/715 716/716/716 714/714/714 
f 719/719/719 717/717/717 718/718/718 
f 718/718/718 720/720/720 719/719/719 
f 721/721/721 719/719/719 720/720/720 
f 720/720/720 722/722/722 721/721/721 
f 723/723/723 721/721/721 722/722/722 
f 722/722/722 724/724/724 723/723/723 
f 725/725/725 723/723/723 724/724/724 
f 724/724/724 726/726/726 725/725/725 
f 727/727/727 725/725/725 726/726/726 
f 726/726/726 728/728/728 727/727/727 
f 729/729/729 727/727/727 728/728/728 
f 728/728/728 730/730/730 729/729/729 
f 731/731/731 729/729/729 730/730/730 
f 730/730/730 732/732/732 731/731/731 
f 733/733/733 731/731/731 732/732/732 
f 732/732/732 734/734/734 733/733/733 
f 736/736/736 737/737/737 735/735/735 
f 737/737/737 736/736/736 738/738/738 
f 738/738/738 739/739/739 737/737/737 
f 739/739/739 738/738/738 740/740/740 
f 740/740/740 741/741/741 739/739/739 
f 741/741/741 740/740/740 742/742/742 
f 742/742/742 743/743/743 741/741/741 
f 743/743/743 742/742/742 744/744/744 
f 744/744/744 745/745/745 743/743/743 
f 745/745/745 744/744/744 746/746/746 
f 746/746/746 747/747/747 745/745/745 
f 747/747/747 746/746/746 748/748/748 
f 748/748/748 749/749/749 747/747/747 
f 749/749/749 748/748/748 750/750/750 
f 750/750/750 751/751/751 749/749/749 
f 751/751/751 750/750/750 752/752/752 
f 753/753/753 754/754/754 755/755/755 
f 753/753/753 755/755/755 756/756/756 
f 757/757/757 758/758/758 759/759/759 
f 757/757/757 759/759/759 760/760/760 
f 761/761/761 762/762/762 763/763/763 
f 761/761/761 763/763/763 764/764/764 
f 765/765/765 766/766/766 767/767/767 
f 765/765/765 767/767/767 768/768/768 
f 769/769/769 770/770/770 771/771/771 
f 769/769/769 771/771/771 772/772/772 
f 773/773/773 774/774/774 775/775/775 
f 773/773/773 775/775/775 776/776/776 
f 777/777/777 778/778/778 779/779/779 
f 777/777/777 779/779/779 780/780/780 
f 781/781/781 782/782/782 783/783/783 
f 781/781/781 783/783/783 784/784/784 
f 787/787/787 788/788/788 786/786/786 
f 788/788/788 787/787/787 789/789/789 
f 789/789/789 790/790/790 788/788/788 
f 790/790/790 789/789/789 791/791/791 
f 791/791/791 792/792/792 790/790/790 
f 792/792/792 791/791/791 793/793/793 
f 793/793/793 794/794/794 792/792/792 
f 794/794/794 793/793/793 795/795/795 
f 795/795/795 796/796/796 794/794/794 
f 796/796/796 795/795/795 797/797/797 
f 797/797/797 798/798/798 796/796/796 
f 798/798/798 797/797/797 799/799/799 
f 799/799/799 800/800/800 798/798/798 
f 800/800/800 799/799/799 801/801/801 
f 801/801/801 802/802/802 800/800/800 
f 802/802/802 801/801/801 803/803/803 
f 807/807/807 808/808/808 809/809/809 
f 808/808/808 810/810/810 809/809/809 
f 809/809/809 810/810/810 811/811/811 
f 810/810/810 812/812/812 811/811/811 
f 811/811/811 812/812/812 813/813/813 
f 812/812/812 814/814/814 813/813/813 
f 813/813/813 814/814/814 815/815/815 
f 814/814/814 816/816/816 815/815/815 
f 815/815/815 816/816/816 817/817/817 
f 816/816/816 818/818/818 817/817/817 
f 817/817/817 818/818/818 819/819/819 
f 818/818/818 820/820/820 819/819/819 
f 819/819/819 820/820/820 821/821/821 
f 820/820/820 822/822/822 821/821/821 
f 821/821/821 822/822/822 823/823/823 
f 822/822/822 824/824/824 823/823/823 
f 825/825/825 826/826/826 827/827/827 
f 828/828/828 827/827/827 826/826/826 
f 826/826/826 825/825/825 829/829/829 
f 827/827/827 828/828/828 830/830/830 
f 831/831/831 829/829/829 825/825/825 
f 832/832/832 830/830/830 828/828/828 
f 825/825/825 833/833/833 831/831/831 
f 830/830/830 832/832/832 834/834/834 
f 835/835/835 831/831/831 833/833/833 
f 836/836/836 834/834/834 832/832/832 
f 833/833/833 837/837/837 835/835/835 
f 834/834/834 836/836/836 838/838/838 
f 837/837/837 839/839/839 835/835/835 
f 840/840/840 838/838/838 836/836/836 
f 837/837/837 841/841/841 839/839/839 
f 838/838/838 840/840/840 842/842/842 
f 841/841/841 843/843/843 839/839/839 
f 844/844/844 842/842/842 840/840/840 
f 843/843/843 841/841/841 845/845/845 
f 842/842/842 844/844/844 846/846/846 
f 845/845/845 847/847/847 843/843/843 
f 848/848/848 846/846/846 844/844/844 
f 847/847/847 845/845/845 849/849/849 
f 846/846/846 848/848/848 850/850/850 
f 851/851/851 850/850/850 848/848/848 
f 850/850/850 851/851/851 852/852/852 
f 849/849/849 853/853/853 847/847/847 
f 853/853/853 849/849/849 854/854/854 
f 854/854/854 855/855/855 853/853/853 
f 855/855/855 854/854/854 856/856/856 
f 856/856/856 857/857/857 855/855/855 
f 857/857/857 856/856/856 858/858/858 
f 859/859/859 857/857/857 858/858/858 
f 857/857/857 859/859/859 860/860/860 
f 861/861/861 860/860/860 859/859/859 
f 860/860/860 861/861/861 862/862/862 
f 863/863/863 862/862/862 861/861/861 
f 862/862/862 863/863/863 864/864/864 
f 865/865/865 864/864/864 863/863/863 
f 864/864/864 865/865/865 866/866/866 
f 867/867/867 866/866/866 865/865/865 
f 866/866/866 867/867/867 868/868/868 
f 869/869/869 868/868/868 867/867/867 
f 868/868/868 869/869/869 870/870/870 
f 871/871/871 870/870/870 869/869/869 
f 870/870/870 871/871/871 872/872/872 
f 873/873/873 872/872/872 871/871/871 
f 872/872/872 873/873/873 874/874/874 
f 873/873/873 875/875/875 874/874/874 
f 875/875/875 873/873/873 876/876/876 
f 876/876/876 877/877/877 875/875/875 
f 877/877/877 876/876/876 878/878/878 
f 878/878/878 879/879/879 877/877/877 
f 879/879/879 878/878/878 880/880/880 
f 881/881/881 879/879/879 880/880/880 
f 881/881/881 880/880/880 882/882/882 
f 883/883/883 881/881/881 882/882/882 
f 882/882/882 884/884/884 883/883/883 
f 885/885/885 883/883/883 884/884/884 
f 884/884/884 886/886/886 885/885/885 
f 887/887/887 885/885/885 886/886/886 
f 886/886/886 888/888/888 887/887/887 
f 888/888/888 889/889/889 887/887/887 
f 888/888/888 890/890/890 889/889/889 
f 891/891/891 892/892/892 893/893/893 
f 892/892/892 891/891/891 894/894/894 
f 895/895/895 893/893/893 892/892/892 
f 894/894/894 891/891/891 896/896/896 
f 895/895/895 897/897/897 893/893/893 
f 898/898/898 896/896/896 891/891/891 
f 896/896/896 898/898/898 899/899/899 
f 900/900/900 899/899/899 898/898/898 
f 901/901/901 899/899/899 900/900/900 
f 901/901/901 902/902/902 899/899/899 
f 897/897/897 895/895/895 903/903/903 
f 903/903/903 895/895/895 904/904/904 
f 905/905/905 903/903/903 904/904/904 
f 902/902/902 901/901/901 906/906/906 
f 906/906/906 901/901/901 907/907/907 
f 908/908/908 906/906/906 907/907/907 
f 905/905/905 909/909/909 903/903/903 
f 903/903/903 909/909/909 910/910/910 
f 909/909/909 905/905/905 911/911/911 
f 912/912/912 909/909/909 911/911/911 
f 909/909/909 912/912/912 913/913/913 
f 914/914/914 913/913/913 912/912/912 
f 913/913/913 914/914/914 915/915/915 
f 914/914/914 912/912/912 916/916/916 
f 917/917/917 906/906/906 908/908/908 
f 906/906/906 917/917/917 918/918/918 
f 919/919/919 917/917/917 908/908/908 
f 917/917/917 919/919/919 920/920/920 
f 920/920/920 919/919/919 921/921/921 
f 917/917/917 920/920/920 922/922/922 
f 926/926/926 927/927/927 925/925/925 
f 927/927/927 926/926/926 928/928/928 
f 928/928/928 929/929/929 927/927/927 
f 929/929/929 928/928/928 930/930/930 
f 930/930/930 931/931/931 929/929/929 
f 931/931/931 930/930/930 932/932/932 
f 933/933/933 931/931/931 932/932/932 
f 933/933/933 932/932/932 935/935/935 
f 940/940/940 938/938/938 939/939/939 
f 938/938/938 940/940/940 941/941/941 
f 942/942/942 941/941/941 940/940/940 
f 941/941/941 942/942/942 943/943/943 
f 944/944/944 943/943/943 942/942/942 
f 943/943/943 944/944/944 945/945/945 
f 946/946/946 945/945/945 944/944/944 
f 945/945/945 946/946/946 947/947/947 
f 950/950/950 948/948/948 949/949/949 
f 948/948/948 950/950/950 951/951/951 
f 952/952/952 951/951/951 950/950/950 
f 951/951/951 952/952/952 953/953/953 
f 954/954/954 953/953/953 952/952/952 
f 953/953/953 954/954/954 955/955/955 
f 956/956/956 955/955/955 954/954/954 
f 955/955/955 956/956/956 957/957/957 
f 960/960/960 962/962/962 961/961/961 
f 962/962/962 960/960/960 963/963/963 
f 964/964/964 962/962/962 963/963/963 
f 964/964/964 963/963/963 965/965/965 
f 967/967/967 964/964/964 965/965/965 
f 965/965/965 968/968/968 967/967/967 
f 969/969/969 967/967/967 968/968/968 
f 968/968/968 970/970/970 969/969/969 
f 971/971/971 972/972/972 973/973/973 
f 973/973/973 974/974/974 971/971/971 
f 974/974/974 973/973/973 975/975/975 
f 973/973/973 976/976/976 975/975/975 
f 972/972/972 977/977/977 973/973/973 
f 973/973/973 977/977/977 976/976/976 
f 978/978/978 977/977/977 972/972/972 
f 977/977/977 979/979/979 976/976/976 
f 978/978/978 980/980/980 977/977/977 
f 977/977/977 980/980/980 979/979/979 
f 981/981/981 980/980/980 978/978/978 
f 981/981/981 983/983/983 980/980/980 
f 984/984/984 983/983/983 981/981/981 
f 984/984/984 986/986/986 983/983/983 
f 987/987/987 986/986/986 984/984/984 
f 972/972/972 971/971/971 989/989/989 
f 990/990/990 989/989/989 971/971/971 
f 989/989/989 990/990/990 991/991/991 
f 971/971/971 992/992/992 990/990/990 
f 992/992/992 971/971/971 974/974/974 
f 994/994/994 991/991/991 990/990/990 
f 991/991/991 994/994/994 996/996/996 
f 997/997/997 996/996/996 994/994/994 
f 996/996/996 997/997/997 998/998/998 
f 1004/1004/1004 1002/1002/1002 1003/1003/1003 
f 1002/1002/1002 1004/1004/1004 1005/1005/1005 
f 1006/1006/1006 1005/1005/1005 1004/1004/1004 
f 1005/1005/1005 1006/1006/1006 1007/1007/1007 
f 1008/1008/1008 1007/1007/1007 1006/1006/1006 
f 1007/1007/1007 1008/1008/1008 1009/1009/1009 
f 1010/1010/1010 1009/1009/1009 1008/1008/1008 
f 1009/1009/1009 1010/1010/1010 1011/1011/1011 
f 1012/1012/1012 1011/1011/1011 1010/1010/1010 
f 1012/1012/1012 1010/1010/1010 1013/1013/1013 
f 1014/1014/1014 1012/1012/1012 1013/1013/1013 
f 1013/1013/1013 1015/1015/1015 1014/1014/1014 
f 1014/1014/1014 1015/1015/1015 1016/1016/1016 
f 1015/1015/1015 1017/1017/1017 1016/1016/1016 
f 1016/1016/1016 1017/1017/1017 1018/1018/1018 
f 1017/1017/1017 1019/1019/1019 1018/1018/1018 
f 1030/1030/1030 1029/1029/1029 1028/1028/1028 
f 1029/1029/1029 1030/1030/1030 1031/1031/1031 
f 1032/1032/1032 1031/1031/1031 1030/1030/1030 
f 1031/1031/1031 1032/1032/1032 1033/1033/1033 
f 1034/1034/1034 1033/1033/1033 1032/1032/1032 
f 1033/1033/1033 1034/1034/1034 1035/1035/1035 
f 1036/1036/1036 1035/1035/1035 1034/1034/1034 
f 1035/1035/1035 1036/1036/1036 1037/1037/1037 
f 1038/1038/1038 1037/1037/1037 1036/1036/1036 
f 1037/1037/1037 1038/1038/1038 1039/1039/1039 
f 1040/1040/1040 1039/1039/1039 1038/1038/1038 
f 1039/1039/1039 1040/1040/1040 1041/1041/1041 
f 1042/1042/1042 1041/1041/1041 1040/1040/1040 
f 1041/1041/1041 1042/1042/1042 1043/1043/1043 
f 1044/1044/1044 1043/1043/1043 1042/1042/1042 
f 1043/1043/1043 1044/1044/1044 1045/1045/1045 
f 1049/1049/1049 1047/1047/1047 1048/1048/1048 
f 1049/1049/1049 1048/1048/1048 1050/1050/1050 
f 1051/1051/1051 1049/1049/1049 1050/1050/1050 
f 1051/1051/1051 1050/1050/1050 1052/1052/1052 
f 1053/1053/1053 1051/1051/1051 1052/1052/1052 
f 1053/1053/1053 1052/1052/1052 1054/1054/1054 
f 1055/1055/1055 1053/1053/1053 1054/1054/1054 
f 1055/1055/1055 1054/1054/1054 1056/1056/1056 
f 1057/1057/1057 1055/1055/1055 1056/1056/1056 
f 1057/1057/1057 1056/1056/1056 1058/1058/1058 
f 1059/1059/1059 1057/1057/1057 1058/1058/1058 
f 1059/1059/1059 1058/1058/1058 1060/1060/1060 
f 1061/1061/1061 1059/1059/1059 1060/1060/1060 
f 1061/1061/1061 1060/1060/1060 1062/1062/1062 
f 1063/1063/1063 1061/1061/1061 1062/1062/1062 
f 1063/1063/1063 1062/1062/1062 1064/1064/1064 
f 1068/1068/1068 1066/1066/1066 1067/1067/1067 
f 1068/1068/1068 1067/1067/1067 1069/1069/1069 
f 1070/1070/1070 1068/1068/1068 1069/1069/1069 
f 1070/1070/1070 1069/1069/1069 1071/1071/1071 
f 1072/1072/1072 1070/1070/1070 1071/1071/1071 
f 1072/1072/1072 1071/1071/1071 1073/1073/1073 
f 1074/1074/1074 1072/1072/1072 1073/1073/1073 
f 1074/1074/1074 1073/1073/1073 1075/1075/1075 
f 1075/1075/1075 1076/1076/1076 1074/1074/1074 
f 1076/1076/1076 1075/1075/1075 1077/1077/1077 
f 1078/1078/1078 1076/1076/1076 1077/1077/1077 
f 1078/1078/1078 1077/1077/1077 1079/1079/1079 
f 1079/1079/1079 1080/1080/1080 1078/1078/1078 
f 1080/1080/1080 1079/1079/1079 1081/1081/1081 
f 1081/1081/1081 1082/1082/1082 1080/1080/1080 
f 1082/1082/1082 1081/1081/1081 1083/1083/1083 
f 1085/1085/1085 1086/1086/1086 1087/1087/1087 
f 1087/1087/1087 1088/1088/1088 1085/1085/1085 
f 1089/1089/1089 1090/1090/1090 1091/1091/1091 
f 1091/1091/1091 1092/1092/1092 1089/1089/1089 
f 1093/1093/1093 1094/1094/1094 1095/1095/1095 
f 1095/1095/1095 1096/1096/1096 1093/1093/1093 
f 1097/1097/1097 1098/1098/1098 1099/1099/1099 
f 1099/1099/1099 1100/1100/1100 1097/1097/1097 
f 1101/1101/1101 1102/1102/1102 1103/1103/1103 
f 1103/1103/1103 1104/1104/1104 1101/1101/1101 
f 1105/1105/1105 1106/1106/1106 1107/1107/1107 
f 1107/1107/1107 1108/1108/1108 1105/1105/1105 
f 1109/1109/1109 1110/1110/1110 1111/1111/1111 
f 1111/1111/1111 1112/1112/1112 1109/1109/1109 
f 1113/1113/1113 1114/1114/1114 1115/1115/1115 
f 1115/1115/1115 1116/1116/1116 1113/1113/1113 
f 1118/1118/1118 1119/1119/1119 1117/1117/1117 
f 1119/1119/1119 1118/1118/1118 1120/1120/1120 
f 1120/1120/1120 1121/1121/1121 1119/1119/1119 
f 1121/1121/1121 1120/1120/1120 1122/1122/1122 
f 1123/1123/1123 1121/1121/1121 1122/1122/1122 
f 1123/1123/1123 1122/1122/1122 1124/1124/1124 
f 1124/1124/1124 1125/1125/1125 1123/1123/1123 
f 1125/1125/1125 1124/1124/1124 1126/1126/1126 
f 1127/1127/1127 1128/1128/1128 1129/1129/1129 
f 1127/1127/1127 1129/1129/1129 1130/1130/1130 
f 1131/1131/1131 1127/1127/1127 1130/1130/1130 
f 1131/1131/1131 1130/1130/1130 1132/1132/1132 
f 1133/1133/1133 1131/1131/1131 1132/1132/1132 
f 1133/1133/1133 1132/1132/1132 1134/1134/1134 
f 1135/1135/1135 1133/1133/1133 1134/1134/1134 
f 1135/1135/1135 1134/1134/1134 1136/1136/1136 
f 1140/1140/1140 1138/1138/1138 1139/1139/1139 
f 1140/1140/1140 1139/1139/1139 1141/1141/1141 
f 1142/1142/1142 1140/1140/1140 1141/1141/1141 
f 1142/1142/1142 1141/1141/1141 1143/1143/1143 
f 1144/1144/1144 1142/1142/1142 1143/1143/1143 
f 1144/1144/1144 1143/1143/1143 1145/1145/1145 
f 1146/1146/1146 1144/1144/1144 1145/1145/1145 
f 1146/1146/1146 1145/1145/1145 1147/1147/1147 
f 1148/1148/1148 1149/1149/1149 1150/1150/1150 
f 1149/1149/1149 1148/1148/1148 1151/1151/1151 
f 1150/1150/1150 1152/1152/1152 1148/1148/1148 
f 1151/1151/1151 1153/1153/1153 1149/1149/1149 
f 1150/1150/1150 1154/1154/1154 1152/1152/1152 
f 1154/1154/1154 1155/1155/1155 1152/1152/1152 
f 1155/1155/1155 1154/1154/1154 1156/1156/1156 
f 1153/1153/1153 1151/1151/1151 1157/1157/1157 

